,tissue,simuround,noise,marker,manual_annotation,manual_CLname,manual_CLID,RAG_annotation
2000,Lung,4,1.0,"GENE78,EDNRB,CLDN5,IL1RL1,CA4,EMCN,GNG11,TIMP3,HPGD,SPARCL1,RAMP2",capillary aerocyte,,,cell_type_name
2001,Lung,4,1.0,"RTKN2,SCEL,NTM,MS4A15,NCKAP5,PKDCC,ITLN2,UPK3B,MYRF,ST6GALNAC5,GENE32",type i pneumocyte,type I pneumocyte,CL:0002062,Unclassified cell type mixture
2002,Lung,4,1.0,"ACKR1,VWF,C7,SPARCL1,IGFBP7,RAMP3,TIMP3,PRSS23,LIFR,CLU,GENE58",vein endothelial cell,vein endothelial cell,CL:0002543,neutrophil
2003,Lung,4,1.0,"DCN,LUM,ADH1B,MGP,FBLN1,C1S,MFAP4,RARRES2,C7,PTGDS,GENE52",alveolar fibroblast,,,fibroblast
2004,Lung,4,1.0,"CCL21,MMRN1,PROX1,SEMA3D,FOXC2,SCN3B,GPR182,RELN,HOXD9,STAB2,GENE48",endothelial cell of lymphatic vessel,endothelial cell of lymphatic vessel,CL:0002138,endothelial cell of the lymphatic system
2005,Lung,4,1.0,"GENE1,MYH11,PPP1R14A,ACTG2,CRYAB,DES,LMOD1,CNN1,PLAC9,CARMN,PLN",bronchial smooth muscle cell,bronchial smooth muscle cell,CL:0002598,smooth muscle cell
2006,Lung,4,1.0,"AL139020.1,PLD4,MZB1,LILRA4,SCT,SPIB,CLEC4C,LAMP5,FAM129C,AL357143.1,GENE23",plasmacytoid dendritic cell,plasmacytoid dendritic cell,CL:0000784,nonclassical monocyte
2007,Lung,4,1.0,"SCGB3A2,CYP2B7P,CEACAM6,WFDC2,FOLR1,GPRC5A,NEDD4L,PIGR,ELF3,SFTPB,GENE34",club cell,club cell,CL:0000158,"club cell, pulmonary alveolar type 2 cell"
2008,Lung,4,1.0,"GENE96,ACKR1,SPARCL1,VWF,PLVAP,IGFBP7,NPDC1,CLDN5,LIFR,C7,CLU",lung microvascular endothelial cell,lung microvascular endothelial cell,CL:2000016,endothelial cell
2009,Lung,4,1.0,"GENE81,PPP1R14A,CCN5,BGN,MYH11,PDGFRB,COX4I2,C2orf40,PRELP,LMOD1,GJA4",vascular associated smooth muscle cell,vascular associated smooth muscle cell,CL:0000359,endothelial cell of artery
2010,Lung,4,1.0,"AC005821.1,LRRC38,MKRN9P,KCTD8,RSPO1,GPR1,SYT4,PLPPR4,LINC01902,FABP7,GENE95",myofibroblast cell,myofibroblast cell,CL:0000186,goblet cell
2011,Lung,4,1.0,"GENE14,COX4I2,TPM2,BGN,PDGFRB,HIGD1B,PPP1R14A,INMT,KCNK3,RGN,NDUFA4L2",pericyte cell,pericyte,CL:0000669,cell_type_name
2012,Lung,4,1.0,"ITLN1,PRG4,HAS1,CPB1,BCHE,VIPR2,BNC1,SYT4,ROR2,RSPO1,GENE90",mesothelial cell,mesothelial cell,CL:0000077,goblet cell
2013,Lung,4,1.0,"GENE5,AC009269.2,SCN7A,BMP5,AL135910.1,SGIP1,CARMN,CACNA1C,COL1A2,ABCA6,TARID",fibroblast,fibroblast,CL:0000057,Fibroblasts
2014,Lung,4,1.0,"GENE28,FCN1,RNASE2,CD300E,VCAN,FGL2,LILRB2,MPEG1,CORO1A,LILRA1,AIF1",intermediate monocyte,intermediate monocyte,CL:0002393,nonclassical monocyte
2015,Lung,4,1.0,"ASCL3,CEL,HEPACAM2,ATP6V1G3,CLCNKB,CLNK,LINC01187,TMPRSS11E,PROX1,DGKI,GENE3",pulmonary ionocyte,pulmonary ionocyte,CL:0017000,goblet cell
2016,Lung,5,0.25,"ARHGEF26,LMO7,AGER,EMP2,RTKN2,GPRC5A,SPOCK2,GENE56,DST,SCEL,GENE48,LAMA3",Alveolar Epithelial Type 1,type I pneumocyte,CL:0002062,pulmonary alveolar type 1 cell
2017,Lung,5,0.25,"GENE21,MS4A1,LINC00926,BLK,SP140,GENE86,CD79A,BANK1,CD22,VPREB3,CD79B,ADAM28",B,B cell,CL:0000236,none
2018,Lung,5,0.25,"CLDN1,S100A2,KRT15,KRT5,FHL2,GENE92,DST,KRT17,PERP,GENE91,ITGA2,KRT19",Basal,basal cell,CL:0000646,basal cell
2019,Lung,5,0.25,"CSF3R,S100A9,S100A8,CTSS,METTL9,GENE95,GENE5,CD99,VCAN,S100A12,FCN1,CD300E",CD14+ Monocyte,CD14-positive monocyte,CL:0001054,nonclassical monocyte
2020,Lung,5,0.25,"CD2,MALAT1,BCL11B,GENE57,CD6,GENE86,CAMK4,LEF1,TRAT1,IL7R,ITK,MAL",CD4 T,"CD4-positive, alpha-beta T cell",CL:0000624,T-cells
2021,Lung,5,0.25,"GENE65,C20orf85,DNAH6,FAM92B,GENE69,RSPH1,CCDC170,CAPS,ZMYND10,CDHR3,SNTN,FANK1",Ciliated,ciliated cell,CL:0000064,goblet cell
2022,Lung,5,0.25,"FCGR2B,HLA-DMB,GENE98,HLA-DQA1,CLEC10A,CSF2RA,GPR183,FPR3,HLA-DPB1,RGS1,GENE85,MS4A6A",Dendritic,dendritic cell,CL:0000451,nonclassical monocyte
2023,Lung,5,0.25,"C1S,LUM,ABLIM1,CFD,C3,C1R,FBLN1,GENE92,DCN,SLIT2,GENE16,ADH1B",Fibroblast,fibroblast,CL:0000057,lung fibroblast
2024,Lung,5,0.25,"TFF3,GENE39,GENE100,TFPI,CCL21,IGFBP7,MMRN1,PKHD1L1,PROX1,PPFIBP1,TIMP3,TBX1",Lymphatic,,,cell_type_name
2025,Lung,5,0.25,"APOC1,GENE58,C1QB,C1QA,VSIG4,SLCO2B1,ACP5,ITGAX,GENE38,GPD1,MARCO,OLR1",Macrophage,macrophage,CL:0000235,macrophage
2026,Lung,5,0.25,"GENE45,KLRF1,GENE94,GNLY,GZMB,FCGR3A,NKG7,PYHIN1,KLRD1,SPON2,PRF1,CD247",Natural Killer,natural killer cell,CL:0000623,natural killer cell
2027,Lung,5,0.25,"PRDX4,MANF,SSR4,GENE30,XBP1,POU2AF1,TNFRSF17,HSP90B1,MZB1,DERL3,SEC11C,GENE83",Plasma,plasma cell,CL:0000786,b cell
2028,Lung,5,0.25,"SFTPA2,GENE89,SLC34A2,SFTPC,LAMP3,ABCA3,GENE29,SFTPA1,SFTPD,SFTPB,NAPSA,LPCAT1",Alveolar Epithelial Type 2,type II pneumocyte,CL:0002063,alveolar epithelial cell
2029,Lung,5,0.25,"KIT,VWA5A,CPA3,HPGDS,GRAP2,HDC,CD44,MS4A2,GENE91,GENE38,TPSAB1,GATA2",Basophil/Mast,"basophil,mast cell","CL:0000767,CL:0000097",mast cell
2030,Lung,5,0.25,"LILRB2,GENE21,GENE86,COTL1,RPS19,LST1,AIF1,FCGR3A,SAT1,RHOC,FCN1,IFITM2",CD16+ Monocyte,,,nonclassical monocyte
2031,Lung,5,0.25,"CDC42EP1,NOSTRIN,PODXL,CDH5,RAMP3,BTNL9,GENE12,CD81,FCN3,EPAS1,FLNB,GENE55",Capillary,,,endothelial cell
2032,Lung,5,0.25,"GENE47,CD3D,GZMH,CD3G,CD8B,CCL5,RPL34,NKG7,CD8A,GZMA,RPS27,GENE51",CD8 T,"CD8-positive, alpha-beta T cell",CL:0000625,T cell
2033,Lung,5,0.25,"GENE82,SCGB3A2,GENE8,DSTN,CYB5A,CEACAM6,PIGR,CTSE,SFTPB,WFDC2,C16orf89,KIAA1324",Club,club cell,CL:0000158,goblet cell
2034,Lung,5,0.25,"CALD1,ASPN,COL6A3,POSTN,LTBP1,BGN,GENE12,COL3A1,COL1A1,COL1A2,GENE77,ITGBL1",Myofibroblast,myofibroblast cell,CL:0000186,none of the provided lung cell types
2035,Lung,5,0.25,"PTPRE,GZMB,IRF7,GENE72,TYROBP,GENE18,PLD4,NPC2,PPP1R14B,IL3RA,IRF4,SEC61B",Plasmacytoid Dendritic,plasmacytoid dendritic cell,CL:0000784,natural killer t cell
2036,Lung,5,0.25,"TPX2,BIRC5,NUSAP1,STMN1,GENE93,UBE2C,TYMS,ANLN,KPNA2,CDK1,H2AFZ,GENE97",Proliferating Macrophage,,,Proliferating Cells
2037,Lung,5,0.25,"BIRC5,NUSAP1,KIF2C,SMC4,GENE36,GENE33,UBE2C,H2AFV,AURKB,CENPF,HMGB2,TOP2A",Proliferating NK/T,,,proliferating cell
2038,Lung,5,0.25,"GENE13,POSTN,GENE57,VWF,COL15A1,ZNF385D,ENPP2,PLVAP,EMCN,INHBB,SPARCL1,SPRY1",Bronchial Vessel,,,Other
2039,Lung,5,0.25,"GENE20,GENE68,BPIFB1,SAA1,SCGB1A1,RARRES1,MSMB,SCGB3A1,SLPI,LCN2,WFDC2,MUC5B",Mucous,,,goblet cell
2040,Lung,5,0.25,"PTPRB,GENE9,PRSS23,TGM2,VWF,LIFR,SELP,PLA1A,CPE,GENE74,SRPX,SLCO2A1",Vein,,,megakaryocyte
2041,Lung,5,0.25,"CHN1,CALD1,COL4A2,GENE65,NID1,COL4A1,LAMB1,COX4I2,GENE74,TACC1,PDGFRB,LAMC3",Pericyte,pericyte,CL:0000669,lipofibroblast
2042,Lung,5,0.25,"CALD1,TPM2,PLN,GENE79,DSTN,CSRP1,GENE42,ACTA2,CNN1,DES,MYH11,MYL9",Smooth Muscle,smooth muscle cell,CL:0000192,smooth muscle cell
2043,Lung,5,0.25,"PTPRB,DKK2,HEY1,GENE40,GJA5,FBLN5,SEMA3G,EFNB2,BMX,GENE2,EPAS1,ARGLU1",Artery,,,endothelial cell
2044,Lung,5,0.25,"HPGD,CYP3A5,CLDN5,APP,STXBP6,TBX2,GENE83,EMCN,SOSTDC1,GENE31,ESAM,EDNRB",Capillary Aerocyte,,,endothelial cell
2045,Lung,5,0.25,"IPO7,SH3BP5,GENE57,RALA,GALNT18,SRSF11,PECAM1,ACVRL1,EPAS1,VAT1,WWTR1,GENE41",Capillary Intermediate,,,endothelial cell
2046,Lung,5,0.25,"C7,FGF7,C3,WT1,MEDAG,STEAP1,OSR1,CCDC71L,GENE95,CPXM1,HAS1,GENE14",Lipofibroblast,alveolar type 1 fibroblast cell,CL:4028004,pulmonary alveolar type 2 cell
2047,Lung,5,0.25,"ALDH1A3,PRG4,GALNT9,C3,DSC3,ITLN1,MGARP,WT1,DMKN,GENE68,GENE42,SLPI",Mesothelial,mesothelial cell,CL:0000077,goblet cell
2048,Lung,5,0.25,"GENE1,CMTM5,TUBB1,GRAP2,ITGA2B,CABP5,GENE96,PF4,ACRBP,GP6,TMEM40,GP9",Platelet/Megakaryocyte,"platelet,megakaryocyte","CL:0000233,CL:0000556",none of the listed cell types
2049,Lung,5,0.25,"CD2,GNLY,CTSW,S100A6,GENE32,CCL5,GENE71,CEBPB,CXCR4,CD7,LGALS1,ZFP36L2",Natural Killer T,,,T cell
2050,Lung,5,0.25,"CLU,GENE94,CST5,MET,FAM150A,HSPB3,RAMP1,CSRP1,IGF1,SCX,CNN1,GENE73",Fibromyocyte,,,fibroblast
2051,Lung,5,0.25,"CXCL17,S100P,PSCA,COX5A,TXN,GENE72,GENE27,AGR2,FAM3D,GABRP,CLIC1,WFDC2",Goblet,goblet cell,CL:0000160,pulmonary alveolar type 2 cell
2052,Lung,5,0.25,"TFF3,TMPRSS11E,PHGR1,BSND,FOXI1,GENE71,HEPACAM2,ATP6V1B1,STAC2,MFSD6L,GENE31,ASCL3",Ionocyte,ionocyte,CL:0005006,goblet cell
2053,Lung,5,0.25,"GENE62,PCSK1N,EGR1,FAM46A,PRDX2,CHGA,SEC11C,SCGN,CPE,GENE49,BEX1,NENF",Neuroendocrine,neuroendocrine cell,CL:0000165,"The provided list of genes does not contain specific, known markers for identifying lung cell types provided in the database. Without additional information or context, it is not possible to accurately classify the cell type. However, EGR1 and PRDX2 can be expressed in various cell types, including some immune cells, but this context is insufficient for a precise identification."
2054,Lung,5,0.25,"TCN1,LPO,PHB,LYZ,GENE58,GENE18,TESC,ZG16B,PRR4,PRB3,PRH2,PRB4",Serous,serous secreting cell,CL:0000313,goblet cell
2055,Lung,5,0.25,"C1QB,LYZ,GENE41,FCER1G,C1QA,LAPTM5,GENE18,AIF1,C1QC,HLA-DRB1,CTSZ,CTSL",Macrophages,macrophage,CL:0000235,macrophage
2056,Lung,5,0.25,"GNLY,GZMB,GENE8,CTSW,CST7,CD7,CCL5,NKG7,GZMA,GENE49,CCL4,PRF1",Innate lymphoid cell NK,natural killer cell,CL:0000623,cytotoxic T cell
2057,Lung,5,0.25,"S100A14,GENE74,SLC34A2,CYB5A,SLC39A8,SFTA2,GENE80,SFTPD,NAPSA,MUC1,SFTA3,PEBP4",AT2,type II pneumocyte,CL:0002063,serous secreting cell
2058,Lung,5,0.25,"CLEC14A,ACKR1,GENE93,MGP,RAMP3,RAMP2,GENE87,IGFBP7,VWF,GNG11,PECAM1,SPARCL1",EC venous,vein endothelial cell,CL:0002543,endothelial cell
2059,Lung,5,0.25,"CD2,GENE9,CD3D,GENE21,IL32,CD69,CCL5,TRAC,CXCR4,CD3E,TRBC2,CORO1A",T cell lineage,T cell,CL:0000084,cd8+ mem/eff t cell
2060,Lung,5,0.25,"CLEC14A,TM4SF1,CLDN5,GENE79,GENE33,IFI27,SOX17,A2M,CRIP2,PECAM1,SPARCL1,GIMAP7",EC arterial,endothelial cell of artery,CL:1000413,endothelial cell
2061,Lung,5,0.25,"GENE9,CALD1,LUM,C1S,BGN,MGP,IGFBP7,COL6A1,DCN,COL1A2,SPARC,GENE99",Fibroblasts,fibroblast,CL:0000057,lipofibroblast
2062,Lung,5,0.25,"AGER,EMP2,FXYD3,SFTA2,GENE87,CEACAM6,ADIRF,CAV1,KRT7,HOPX,TSPAN13,GENE59",AT1,type I pneumocyte,CL:0002062,alveolar epithelial cell type I
2063,Lung,5,0.25,"RP11-356K23.1,C12orf75,GSTA1,CD24,GENE40,FAM229B,TMEM231,GENE56,RP11-295M3.4,C11orf97,C5orf49,SNTN",Multiciliated lineage,multi-ciliated epithelial cell,CL:0005012,pulmonary alveolar type 2 cell
2064,Lung,5,0.25,"LTB,MS4A1,IGHA1,IGLC2,CD79A,TSC22D3,IGKC,GENE2,CORO1A,CD37,GENE51,ISG20",B cell lineage,B cell,CL:0000236,mast cell
2065,Lung,5,0.25,"GENE82,CXCL17,GENE21,KRT7,BPIFB1,CEACAM6,TACSTD2,PIGR,MUC1,WFDC2,CP,KRT19",Secretory,secretory cell,CL:0000151,goblet cell/pulmonary alveolar type 2 cell
2066,Lung,5,0.25,"CD14,S100A9,S100A8,FCER1G,GENE27,COTL1,GENE95,LST1,AIF1,VCAN,S100A12,FCN1",Monocytes,monocyte,CL:0000576,monocyte
2067,Lung,5,0.25,"TCN1,SELM,MARCKSL1,LTF,ZG16B,GENE71,PIP,PIGR,GENE85,CCL28,SEC11C,AZGP1",Submucosal Secretory,,,goblet cell
2068,Lung,5,0.25,"CLEC14A,TM4SF1,CLDN5,AQP1,CDH5,IFI27,GENE76,PECAM1,SPARCL1,EGFL7,HYAL2,GENE38",EC capillary,capillary endothelial cell,CL:0002144,endothelial cell
2069,Lung,5,0.25,"SDPR,GENE1,TM4SF1,CLDN5,CCL21,RAMP2,ECSCR,GENE10,IGFBP7,MMRN1,GNG11,PPFIBP1",Lymphatic EC mature,,,Unidentified
2070,Lung,5,0.25,"TFF3,SDPR,AKAP12,CLDN5,TCF4,CCL21,GENE10,IGFBP7,GNG11,GENE31,TIMP3,TFPI",Lymphatic EC differentiating,,,pulmonary alveolar type 2 cell
2071,Lung,5,0.25,"HLA-DQB1,HLA-DQA1,HLA-DPA1,ITGB2,GPR183,GENE11,HLA-DPB1,HLA-DRB1,HLA-DMA,CORO1A,MS4A6A,GENE83",Dendritic cells,dendritic cell,CL:0000451,dendritic cell
2072,Lung,5,0.25,"CALD1,TPM2,CYR61,MT1X,GENE14,CTGF,GPX3,IGFBP5,SPARCL1,PRELP,GENE51,TAGLN",Myofibroblasts,myofibroblast cell,CL:0000186,fibroblast
2073,Lung,5,0.25,"KIT,VWA5A,C1orf186,CPA3,HPGDS,MS4A2,TPSB2,GENE74,GENE43,TPSAB1,RGS13,GATA2",Mast cells,mast cell,CL:0000097,mast cell
2074,Lung,5,0.25,"GENE50,TPM2,PLN,LMOD1,IGFBP7,FLNA,GENE42,ACTG2,SELM,PPP1R14A,DES,NEXN",Fibromyocytes,,,smooth muscle cell
2075,Lung,5,0.25,"S100A16,EID1,GENE89,ECSCR,MARCKS,TUBB,ARPC1A,HMGN1,GENE6,LSM2,COX20,HMGN2",Lymphatic EC proliferating,,,epithelial cell
2076,Lung,5,0.25,"GENE45,FBXL7,GENE63,LDB2,TSHZ2,MMRN1,PKHD1L1,SEMA3A,KALRN,ST6GALNAC3,PPFIBP1,CD36",Endothelial cell (lymphatic),endothelial cell of lymphatic vessel,CL:0002138,endothelial cell of artery
2077,Lung,5,0.25,"GENE13,LMO7,RAB11FIP1,EMP2,NCKAP5,GENE84,RBMS3,NTM,KHDRBS2,LIMCH1,LAMA3,ST6GALNAC5",Epithelial cell (alveolar type I),type I pneumocyte,CL:0002062,fibroblast
2078,Lung,5,0.25,"MACROD2,AUTS2,GENE97,GENE54,ZNF385B,SFTPC,ABCA3,ANK3,SFTPB,PDE4D,LRRK2,ERBB4",Epithelial cell (alveolar type II),type II pneumocyte,CL:0002063,alveolar type II cell
2079,Lung,5,0.25,"MACROD2,GLIS3,SSBP2,GENE51,EYA2,XPR1,RBMS3,KRT17,GENE77,TP63,FAF1,CACHD1",Epithelial cell (basal),basal cell,CL:0000646,unidentified cell type
2080,Lung,5,0.25,"TMEM232,DNAH12,CFAP54,DNAH7,STK33,HYDIN,CDHR3,LRRIQ1,GENE85,AGBL4,GENE14,C4orf22",Epithelial cell (ciliated),ciliated epithelial cell,CL:0000067,ciliated epithelial cell
2081,Lung,5,0.25,"NEDD4L,MACROD2,GENE63,SCGB3A2,CDK14,MECOM,BMPR1B,KIAA1217,SFTPB,GENE2,ERBB4,KIAA1324",Epithelial cell (club),club cell,CL:0000158,pulmonary alveolar type 2 cell
2082,Lung,5,0.25,"GENE94,PDK1,GENE30,FBXW7,ARHGAP15,PLCG2,ST6GAL1,CREB3L2,FCHSD2,RALGPS2,DENND5B,MEF2C",Immune (B cell),B cell,CL:0000236,b cell
2083,Lung,5,0.25,"GENE8,GENE30,PIP4K2A,B2M,FYN,SKAP1,ARHGAP15,PRKCH,KLRD1,PARP8,AOAH,CD247",Immune (NK cell),natural killer cell,CL:0000623,nonclassical monocyte
2084,Lung,5,0.25,"GENE82,FYN,FKBP5,BCL2,PTPRC,GENE4,SYTL3,ARHGAP15,PARP8,THEMIS,ITK,SKAP1",Immune (T cell),T cell,CL:0000084,The provided markers do not match any specific lung tissue cell type based on the given database results.
2085,Lung,5,0.25,"ZEB2,DOCK8,GENE19,FMNL2,GPCPD1,SLC11A1,PPARG,GENE89,RNF149,TFRC,PLXDC2,MSR1",Immune (alveolar macrophage),alveolar macrophage,CL:0000583,eosinophil
2086,Lung,5,0.25,"KIT,SAMSN1,IL18R1,FER,TPSB2,SLC24A3,SRGN,SYTL3,ARHGAP15,GENE2,GENE75,TPSAB1",Immune (mast cell),mast cell,CL:0000097,mast cell
2087,Lung,5,0.25,"GENE39,CALD1,INPP4B,CACNA1C,TPM1,GENE60,PRKG1,ACTA2,DMD,EBF1,LPP,MYH11",Pericyte/SMC,"pericyte,smooth muscle cell","CL:0000669,CL:0000192",smooth muscle cell
2088,Lung,5,0.25,"PTPRB,PTPRM,GENE63,TCF4,LDB2,GENE69,ST6GALNAC3,TIMP3,PECAM1,CALCRL,EPAS1,EGFL7",Endothelial cell (vascular),endothelial cell of vascular tree,CL:0002139,endothelial cell
2089,Lung,5,0.25,"GENE22,GENE7,LAMA2,PLEKHH2,ROBO2,LSAMP,RBMS3,PRKG1,ARHGAP6,RORA,SLIT2,PLXDC2",Fibroblast,fibroblast,CL:0000057,Fibroblast-Myofibroblast
2090,Lung,5,0.25,"TBXAS1,ZEB2,GENE3,FKBP5,CD74,PIK3R5,CHST11,GENE84,SRGN,PLXDC2,SLC8A1,CTSB",Immune (DC/macrophage),"dendritic cell,macrophage","CL:0000451,CL:0000235",eosinophil
2091,Lung,5,0.25,"PLIN2,GHR,ADIPOQ,LPIN1,PPARG,GENE67,PLIN1,GENE96,FOXO1,EBF1,G0S2,ACSL1",Adipocyte,fat cell,CL:0000136,adipocyte
2092,Lung,5,0.25,"AGER,EMP2,GENE56,CAV1,PDPN,HOPX",Alveolar Type I,type I pneumocyte,CL:0002062,alveolar epithelial cell type 1
2093,Lung,5,0.25,"NKX2-1,SLC34A2,LAMP3,SFTPC,SFTPB,GENE73",Alveolar Type II,type II pneumocyte,CL:0002063,pulmonary alveolar type 2 cell
2094,Lung,5,0.25,"GENE50,CD24,CXCR3,CD1c,FAS,CR2",B cell_memory,memory B cell,CL:0000787,Unidentified Cell Type
2095,Lung,5,0.25,"GENE19,TUBA1A,HYDIN,FAM92B,FOXJ1,DNAH5,DNAI1,DNAI2,GENE6,CDHR3",Ciliated Epithelial,ciliated epithelial cell,CL:0000067,goblet cell
2096,Lung,5,0.25,"SCGB3A2,GENE98,SCGB1A1,BPIFA1,SCGB3A1,SLPI,MUC5B,CYP2F2",Club Epithelial,club cell,CL:0000158,club cell
2097,Lung,5,0.25,"GENE94,GENE9,NEGR1,COL4A1,GENE77,GENE58,COL5A1,GENE95,COL1A1,IGFBP5,FBN1,VIM,COL5A2,IL33,HGF,COL18A1,COL6A3,FBLN1,DCN,GENE85,SLIT2,FN1,DDR2,CCN2,IGFBP3,COL6A6,IL6,COL3A1,COL6A1,COL1A2,COL6A2",Fibroblast,fibroblast,CL:0000057,fibroblast
2098,Lung,5,0.25,"RELN,GENE21,FLT4,CCL21,MMRN1,PROX1,LYVE1",Lymphatic Endothelial,endothelial cell of lymphatic vessel,CL:0002138,not_identified
2099,Lung,5,0.25,"GENE94,LYZ,C1QA,PTPRC,LYVE1,CD68,MSR1,GENE16,SLC11A1,MERTK,GENE89,CPM,GENE6,CD163,MS4A6A,RBPJ,MS4A4A,CD74,CD36,GENE14,MR1,CSF1R,MRC1",Macrophage,macrophage,CL:0000235,myeloid macrophage cell
2100,Lung,5,0.25,"KIT,HDC,GENE29,TPSB2,CD69,FCER1A,TPSAB1",Mast Cell,mast cell,CL:0000097,mast cell
2101,Lung,5,0.25,"MYO1B,GENE98,CSPG4,GENE3,MCAM,ACTA2,ANPEP,DES,PDGFRB",Pericyte,pericyte,CL:0000669,pericyte
2102,Lung,5,0.25,"CNN1,MYOCD,GENE99,GENE73,ACTN1,GENE71,GUCY1B3,SMTN,ACTA2,ACTG2,PALLD,VCL,MYL9,GUCY1A3,MYH11,DES,TAGLN",Smooth Muscle,smooth muscle cell,CL:0000192,smooth muscle cell
2103,Lung,5,0.25,"TRBC1,CD3D,CD3G,CD69,PTPRC,CD247,NKG7,CD96,IL7R,TRAC,CD3E,GENE96,GENE43,THEMIS,GENE16,SKAP1",T cell,T cell,CL:0000084,cd8+ mem/eff t cell
2104,Lung,5,0.25,"PTPRB,GENE21,CLDN5,NOSTRIN,LDB2,RAMP3,VWF,EPHB4,PECAM1,BACE2,GENE55,CD300LG",Vascular Endothelial,endothelial cell of vascular tree,CL:0002139,endothelial cell
2105,Lung,5,0.25,"NAPSA,SFTPA1,SFTPA2,SFTPD,SFTA2,SFTPB,SLC34A2,PGC,HOPX,MUC1",type ii pneumocyte,type II pneumocyte,CL:0002063,alveolar epithelial cell
2106,Lung,5,0.25,"IL1R2,S100A12,FCGR3B,CXCR2,MTND5P32,PROK2,CD177,MMP25,OLAH,MGAM",neutrophil,neutrophil,CL:0000775,nonclassical monocyte
2107,Lung,5,0.25,"IL7R,IL32,CD3D,CD69,CD3E,TRAC,CXCR4,CD2,CD3G,TRBC2","cd4-positive, alpha-beta t cell","CD4-positive, alpha-beta T cell",CL:0000624,T cell
2108,Lung,5,0.25,"CCL5,GZMA,IL32,CCL4,NKG7,CD3D,CD2,KLRD1,CD3E,GNLY","cd8-positive, alpha-beta t cell","CD8-positive, alpha-beta T cell",CL:0000625,T cell
2109,Lung,5,0.25,"GNLY,KLRD1,GZMB,PRF1,GZMA,FGFBP2,CST7,CD247,KLRF1,KLRB1",nk cell,natural killer cell,CL:0000623,natural killer cell
2110,Lung,5,0.25,"RBP5,SELE,CCL14,ZNF385D,CYTL1,POSTN,PLVAP,ADAMTS4,NEURL1B,EXOC3L2",bronchial vessel endothelial cell,,,Endothelial cells
2111,Lung,5,0.25,"ACTG2,DES,ADRA2C,FOXC2,CNN1,JPH2,MYH11,CCN5,HSPB6,AC100803.2",smooth muscle cell,smooth muscle cell,CL:0000192,smooth muscle cell
2112,Lung,5,0.25,"DCN,IGFBP6,FBLN1,PLA2G2A,C1S,MFAP4,MFAP5,C1R,SERPINF1,MGP",adventitial cell,adventitial cell,CL:0002503,fibroblast
2113,Lung,5,0.25,"C1QA,MARCO,ACP5,MS4A7,APOC1,C1QB,MRC1,APOE,VSIG4,FABP4",macrophage,macrophage,CL:0000235,macrophage
2114,Lung,5,0.25,"TPSB2,TPSAB1,CPA3,MS4A2,RHEX,HPGDS,KIT,CD69,GATA2,VWA5A",basophil,basophil,CL:0000767,mast cell
2115,Lung,5,0.25,"S100A8,VCAN,FCN1,S100A12,S100A9,MNDA,FGL2,COTL1,CD300E,VSIR",classical monocyte,classical monocyte,CL:0000860,monocyte
2116,Lung,5,0.25,"PTPRB,CXCL12,GJA5,DKK2,NPR3,SERPINE2,SSTR1,NOS1,SOX17,MMRN2",endothelial cell of artery,endothelial cell of artery,CL:1000413,endothelial cell
2117,Lung,5,0.25,"CAPS,TMEM190,C20orf85,C9orf24,TPPP3,RSPH1,C11orf88,C1orf194,PIFO,TSPAN1",lung ciliated cell,lung ciliated cell,CL:1000271,multiciliated epithelial cell
2118,Lung,5,0.25,"FCER1A,CD1C,GPR183,S100B,CLEC10A,CD1E,FCGR2B,PKIB,CST7,CLEC5A",dendritic cell,dendritic cell,CL:0000451,dendritic cell
2119,Lung,5,0.25,"BPIFB1,LCN2,SCGB1A1,MSMB,SCGB3A1,WFDC2,TFF3,CP,SERPINB3,TSPAN1",respiratory goblet cell,respiratory goblet cell,CL:0002370,club cell
2120,Lung,5,0.25,"S100A2,MIR205HG,KRT5,KRT15,KRT19,KRT17,ALDH3A1,PERP,TACSTD2,IGFBP2",basal cell,basal cell,CL:0000646,basal cell
2121,Lung,5,0.25,"JCHAIN,MZB1,IGHG3,DERL3,IGHG2,CD79A,IGHG4,IGHA2,TNFRSF17,SPAG4",plasma cell,plasma cell,CL:0000786,plasma cell
2122,Lung,5,0.25,"CD79A,MS4A1,TNFRSF13C,IGHM,VPREB3,TNFRSF13B,BLK,LINC01781,CD19,PAX5",b cell,B cell,CL:0000236,B cell
2123,Lung,5,0.25,"PRR4,PRB3,TCN1,C6orf58,LPO,TTYH1,LINC01829,SLC5A1,PRB1,ANO1",serous cell of epithelium of bronchus,serous cell of epithelium of bronchus,CL:1000331,goblet cell
2124,Lung,5,0.25,"FGL2,MS4A6A,CD163,MAFB,CSF1R,FCGR3A,AIF1,RNASE6,LST1,HCLS1",non-classical monocyte,non-classical monocyte,CL:0000875,macrophage
2125,Lung,5,0.25,"FCN3,MT1M,TIMP3,RAMP2,SLC6A4,VWF,CLDN5,FAM107A,CALCRL,LRRC32",capillary endothelial cell,capillary endothelial cell,CL:0002144,endothelial cell
2126,Lung,5,0.25,"EDNRB,CLDN5,IL1RL1,CA4,EMCN,GNG11,TIMP3,HPGD,SPARCL1,RAMP2",capillary aerocyte,,,endothelial cell
2127,Lung,5,0.25,"RTKN2,SCEL,NTM,MS4A15,NCKAP5,PKDCC,ITLN2,UPK3B,MYRF,ST6GALNAC5",type i pneumocyte,type I pneumocyte,CL:0002062,Club Cells
2128,Lung,5,0.25,"ACKR1,VWF,C7,SPARCL1,IGFBP7,RAMP3,TIMP3,PRSS23,LIFR,CLU",vein endothelial cell,vein endothelial cell,CL:0002543,endothelial cell
2129,Lung,5,0.25,"DCN,LUM,ADH1B,MGP,FBLN1,C1S,MFAP4,RARRES2,C7,PTGDS",alveolar fibroblast,,,fibroblast
2130,Lung,5,0.25,"CCL21,MMRN1,PROX1,SEMA3D,FOXC2,SCN3B,GPR182,RELN,HOXD9,STAB2",endothelial cell of lymphatic vessel,endothelial cell of lymphatic vessel,CL:0002138,Lymphatic Endothelial Cell
2131,Lung,5,0.25,"MYH11,PPP1R14A,ACTG2,CRYAB,DES,LMOD1,CNN1,PLAC9,CARMN,PLN",bronchial smooth muscle cell,bronchial smooth muscle cell,CL:0002598,smooth muscle cell
2132,Lung,5,0.25,"AL139020.1,PLD4,MZB1,LILRA4,SCT,SPIB,CLEC4C,LAMP5,FAM129C,AL357143.1",plasmacytoid dendritic cell,plasmacytoid dendritic cell,CL:0000784,dendritic cell
2133,Lung,5,0.25,"SCGB3A2,CYP2B7P,CEACAM6,WFDC2,FOLR1,GPRC5A,NEDD4L,PIGR,ELF3,SFTPB",club cell,club cell,CL:0000158,"club cell, pulmonary alveolar type 2 cell"
2134,Lung,5,0.25,"ACKR1,SPARCL1,VWF,PLVAP,IGFBP7,NPDC1,CLDN5,LIFR,C7,CLU",lung microvascular endothelial cell,lung microvascular endothelial cell,CL:2000016,endothelial cell
2135,Lung,5,0.25,"PPP1R14A,CCN5,BGN,MYH11,PDGFRB,COX4I2,C2orf40,PRELP,LMOD1,GJA4",vascular associated smooth muscle cell,vascular associated smooth muscle cell,CL:0000359,smooth muscle cell
2136,Lung,5,0.25,"AC005821.1,LRRC38,MKRN9P,KCTD8,RSPO1,GPR1,SYT4,PLPPR4,LINC01902,FABP7",myofibroblast cell,myofibroblast cell,CL:0000186,Neuroendocrine cells
2137,Lung,5,0.25,"COX4I2,TPM2,BGN,PDGFRB,HIGD1B,PPP1R14A,INMT,KCNK3,RGN,NDUFA4L2",pericyte cell,pericyte,CL:0000669,pulmonary endothelial cell
2138,Lung,5,0.25,"ITLN1,PRG4,HAS1,CPB1,BCHE,VIPR2,BNC1,SYT4,ROR2,RSPO1",mesothelial cell,mesothelial cell,CL:0000077,club cell
2139,Lung,5,0.25,"AC009269.2,SCN7A,BMP5,AL135910.1,SGIP1,CARMN,CACNA1C,COL1A2,ABCA6,TARID",fibroblast,fibroblast,CL:0000057,fibroblast
2140,Lung,5,0.25,"FCN1,RNASE2,CD300E,VCAN,FGL2,LILRB2,MPEG1,CORO1A,LILRA1,AIF1",intermediate monocyte,intermediate monocyte,CL:0002393,nonclassical monocyte
2141,Lung,5,0.25,"ASCL3,CEL,HEPACAM2,ATP6V1G3,CLCNKB,CLNK,LINC01187,TMPRSS11E,PROX1,DGKI",pulmonary ionocyte,pulmonary ionocyte,CL:0017000,club cell
2142,Lung,5,0.5,"ARHGEF26,GENE100,LMO7,AGER,EMP2,RTKN2,GPRC5A,SPOCK2,GENE70,GENE11,GENE71,DST,SCEL,GENE84,LAMA3",Alveolar Epithelial Type 1,type I pneumocyte,CL:0002062,alveolar type I epithelial cell
2143,Lung,5,0.5,"GENE21,MS4A1,LINC00926,BLK,GENE89,SP140,CD79A,GENE56,GENE32,BANK1,CD22,VPREB3,CD79B,ADAM28,GENE83",B,B cell,CL:0000236,mast cell
2144,Lung,5,0.5,"CLDN1,S100A2,GENE86,GENE12,KRT15,KRT5,FHL2,DST,KRT17,PERP,GENE81,GENE75,GENE31,ITGA2,KRT19",Basal,basal cell,CL:0000646,basal cell
2145,Lung,5,0.5,"CSF3R,GENE8,S100A9,S100A8,CTSS,METTL9,GENE15,GENE57,CD99,GENE48,VCAN,S100A12,GENE20,FCN1,CD300E",CD14+ Monocyte,CD14-positive monocyte,CL:0001054,nonclassical monocyte
2146,Lung,5,0.5,"CD2,MALAT1,BCL11B,GENE54,GENE3,GENE25,CD6,GENE80,CAMK4,LEF1,TRAT1,IL7R,ITK,MAL,GENE2",CD4 T,"CD4-positive, alpha-beta T cell",CL:0000624,T cell
2147,Lung,5,0.5,"GENE15,C20orf85,DNAH6,FAM92B,GENE93,GENE53,GENE18,RSPH1,CCDC170,CAPS,ZMYND10,GENE49,CDHR3,SNTN,FANK1",Ciliated,ciliated cell,CL:0000064,goblet cell
2148,Lung,5,0.5,"FCGR2B,HLA-DMB,GENE21,GENE68,HLA-DQA1,CLEC10A,CSF2RA,GENE24,GPR183,FPR3,GENE32,HLA-DPB1,RGS1,GENE31,MS4A6A",Dendritic,dendritic cell,CL:0000451,dendritic cell
2149,Lung,5,0.5,"C1S,LUM,ABLIM1,CFD,GENE61,C3,C1R,GENE11,GENE17,FBLN1,DCN,GENE48,GENE74,SLIT2,ADH1B",Fibroblast,fibroblast,CL:0000057,"The provided markers do not match any known specific lung cell type. Based on limited shared common knowledge and the lack of clear identification markers, one possibility includes fibroblast or endothelial cell lineage."
2150,Lung,5,0.5,"TFF3,GENE7,TFPI,GENE30,GENE78,CCL21,IGFBP7,MMRN1,PKHD1L1,PROX1,PPFIBP1,TIMP3,GENE46,TBX1,GENE51",Lymphatic,,,pulmonary alveolar type 2 cell
2151,Lung,5,0.5,"APOC1,C1QB,GENE72,C1QA,VSIG4,SLCO2B1,GENE53,GENE32,ACP5,GENE91,ITGAX,GENE71,GPD1,MARCO,OLR1",Macrophage,macrophage,CL:0000235,macrophage
2152,Lung,5,0.5,"KLRF1,GENE50,GNLY,GZMB,GENE19,GENE24,FCGR3A,NKG7,PYHIN1,GENE38,KLRD1,SPON2,GENE97,PRF1,CD247",Natural Killer,natural killer cell,CL:0000623,natural killer t cell
2153,Lung,5,0.5,"PRDX4,MANF,GENE13,SSR4,GENE47,XBP1,POU2AF1,TNFRSF17,HSP90B1,GENE49,GENE81,MZB1,DERL3,SEC11C,GENE2",Plasma,plasma cell,CL:0000786,plasma cell
2154,Lung,5,0.5,"GENE22,SFTPA2,GENE3,GENE36,SLC34A2,SFTPC,LAMP3,ABCA3,GENE70,GENE28,SFTPA1,SFTPD,SFTPB,NAPSA,LPCAT1",Alveolar Epithelial Type 2,type II pneumocyte,CL:0002063,alveolar epithelial cell
2155,Lung,5,0.5,"GENE26,KIT,GENE55,VWA5A,CPA3,HPGDS,GRAP2,GENE61,HDC,CD44,GENE17,MS4A2,TPSAB1,GENE97,GATA2",Basophil/Mast,"basophil,mast cell","CL:0000767,CL:0000097",mast cell
2156,Lung,5,0.5,"GENE39,LILRB2,GENE36,COTL1,RPS19,LST1,AIF1,FCGR3A,GENE42,GENE48,SAT1,RHOC,GENE20,FCN1,IFITM2",CD16+ Monocyte,,,nonclassical monocyte
2157,Lung,5,0.5,"GENE52,GENE62,CDC42EP1,GENE72,NOSTRIN,PODXL,CDH5,RAMP3,GENE37,BTNL9,CD81,FCN3,EPAS1,FLNB,GENE55",Capillary,,,endothelial cell of artery
2158,Lung,5,0.5,"GENE82,GENE94,CD3D,GZMH,CD3G,CD8B,CCL5,RPL34,NKG7,CD8A,GZMA,RPS27,GENE91,GENE81,GENE75",CD8 T,"CD8-positive, alpha-beta T cell",CL:0000625,Cytotoxic T Cell
2159,Lung,5,0.5,"GENE63,SCGB3A2,DSTN,GENE33,CYB5A,CEACAM6,GENE56,PIGR,GENE76,CTSE,SFTPB,GENE43,WFDC2,C16orf89,KIAA1324",Club,club cell,CL:0000158,goblet cell
2160,Lung,5,0.5,"GENE26,CALD1,ASPN,COL6A3,POSTN,LTBP1,BGN,GENE18,GENE87,GENE17,COL3A1,COL1A1,COL1A2,GENE88,ITGBL1",Myofibroblast,myofibroblast cell,CL:0000186,fibroblast
2161,Lung,5,0.5,"GENE26,PTPRE,GZMB,IRF7,TYROBP,GENE20,GENE24,GENE34,PLD4,NPC2,PPP1R14B,IL3RA,IRF4,SEC61B,GENE31",Plasmacytoid Dendritic,plasmacytoid dendritic cell,CL:0000784,natural killer t cell
2162,Lung,5,0.5,"TPX2,BIRC5,GENE94,NUSAP1,STMN1,GENE61,GENE79,UBE2C,TYMS,ANLN,KPNA2,CDK1,GENE76,H2AFZ,GENE16",Proliferating Macrophage,,,Proliferating Cell
2163,Lung,5,0.5,"GENE45,BIRC5,GENE19,GENE63,NUSAP1,KIF2C,SMC4,UBE2C,H2AFV,GENE5,AURKB,GENE81,CENPF,HMGB2,TOP2A",Proliferating NK/T,,,pulmonary alveolar type 2 cell
2164,Lung,5,0.5,"GENE26,GENE21,POSTN,GENE74,GENE25,VWF,COL15A1,ZNF385D,ENPP2,PLVAP,EMCN,INHBB,SPARCL1,SPRY1,GENE97",Bronchial Vessel,,,Endothelial Cells
2165,Lung,5,0.5,"GENE39,GENE63,GENE54,GENE68,BPIFB1,SAA1,SCGB1A1,RARRES1,MSMB,SCGB3A1,SLPI,LCN2,GENE53,WFDC2,MUC5B",Mucous,,,goblet cell
2166,Lung,5,0.5,"PTPRB,PRSS23,GENE40,GENE70,TGM2,VWF,LIFR,SELP,PLA1A,GENE92,CPE,GENE85,SRPX,SLCO2A1,GENE59",Vein,,,unidentified cell type
2167,Lung,5,0.5,"GENE22,CHN1,CALD1,COL4A2,GENE94,NID1,COL4A1,LAMB1,GENE92,COX4I2,GENE48,GENE84,TACC1,PDGFRB,LAMC3",Pericyte,pericyte,CL:0000669,endothelial cell of artery
2168,Lung,5,0.5,"GENE22,GENE9,CALD1,TPM2,PLN,DSTN,CSRP1,ACTA2,GENE43,GENE81,CNN1,GENE20,DES,MYH11,MYL9",Smooth Muscle,smooth muscle cell,CL:0000192,smooth muscle cell
2169,Lung,5,0.5,"PTPRB,DKK2,HEY1,GENE21,GJA5,FBLN5,SEMA3G,GENE56,EFNB2,GENE91,BMX,GENE74,EPAS1,GENE16,ARGLU1",Artery,,,endothelial cell
2170,Lung,5,0.5,"HPGD,CYP3A5,CLDN5,GENE59,GENE90,APP,STXBP6,GENE4,TBX2,EMCN,GENE81,SOSTDC1,GENE97,ESAM,EDNRB",Capillary Aerocyte,,,endothelial cell
2171,Lung,5,0.5,"GENE63,IPO7,SH3BP5,RALA,GALNT18,GENE34,GENE60,GENE96,SRSF11,PECAM1,ACVRL1,EPAS1,VAT1,WWTR1,GENE73",Capillary Intermediate,,,pulmonary endothelial cell
2172,Lung,5,0.5,"GENE1,C7,FGF7,C3,WT1,MEDAG,STEAP1,OSR1,CCDC71L,GENE95,CPXM1,GENE77,HAS1,GENE16,GENE83",Lipofibroblast,alveolar type 1 fibroblast cell,CL:4028004,uncharacterized/mixed cell type
2173,Lung,5,0.5,"ALDH1A3,GENE45,PRG4,GENE36,GALNT9,C3,DSC3,ITLN1,MGARP,WT1,DMKN,GENE68,GENE44,SLPI,GENE64",Mesothelial,mesothelial cell,CL:0000077,goblet cell
2174,Lung,5,0.5,"CMTM5,GENE8,TUBB1,GRAP2,ITGA2B,CABP5,GENE96,GENE49,PF4,GENE2,ACRBP,GP6,GENE4,TMEM40,GP9",Platelet/Megakaryocyte,"platelet,megakaryocyte","CL:0000233,CL:0000556",platelet
2175,Lung,5,0.5,"CD2,GENE22,GNLY,CTSW,S100A6,GENE57,GENE11,CCL5,GENE91,CEBPB,CXCR4,GENE81,CD7,LGALS1,ZFP36L2",Natural Killer T,,,Mixed cell type
2176,Lung,5,0.5,"CLU,CST5,GENE63,GENE62,GENE87,MET,FAM150A,HSPB3,RAMP1,CSRP1,IGF1,SCX,GENE42,GENE74,CNN1",Fibromyocyte,,,smooth muscle cell
2177,Lung,5,0.5,"CXCL17,GENE9,S100P,PSCA,COX5A,TXN,GENE64,AGR2,GENE14,FAM3D,GABRP,CLIC1,GENE23,GENE97,WFDC2",Goblet,goblet cell,CL:0000160,goblet cell
2178,Lung,5,0.5,"TFF3,TMPRSS11E,PHGR1,BSND,GENE66,GENE64,GENE10,FOXI1,HEPACAM2,ATP6V1B1,GENE4,STAC2,GENE85,MFSD6L,ASCL3",Ionocyte,ionocyte,CL:0005006,goblet cell
2179,Lung,5,0.5,"GENE7,PCSK1N,EGR1,FAM46A,PRDX2,CHGA,GENE90,GENE70,SEC11C,GENE17,GENE91,SCGN,CPE,BEX1,NENF",Neuroendocrine,neuroendocrine cell,CL:0000165,mixture of neuroendocrine and other unspecified cell types
2180,Lung,5,0.5,"TCN1,LPO,PHB,LYZ,GENE20,GENE95,TESC,ZG16B,GENE49,PRR4,PRB3,PRH2,GENE64,PRB4,GENE51",Serous,serous secreting cell,CL:0000313,serous cell
2181,Lung,5,0.5,"GENE7,GENE73,C1QB,LYZ,FCER1G,C1QA,LAPTM5,GENE70,GENE60,AIF1,C1QC,HLA-DRB1,CTSZ,GENE64,CTSL",Macrophages,macrophage,CL:0000235,non-classical monocyte
2182,Lung,5,0.5,"GENE21,GNLY,GZMB,GENE15,CTSW,GENE64,CST7,CD7,GENE92,CCL5,NKG7,GZMA,CCL4,GENE99,PRF1",Innate lymphoid cell NK,natural killer cell,CL:0000623,natural killer cell
2183,Lung,5,0.5,"S100A14,GENE7,GENE21,SLC34A2,CYB5A,SLC39A8,SFTA2,GENE34,GENE18,SFTPD,NAPSA,MUC1,SFTA3,PEBP4,GENE55",AT2,type II pneumocyte,CL:0002063,pulmonary alveolar type 2 cell
2184,Lung,5,0.5,"GENE94,GENE7,CLEC14A,ACKR1,GENE72,MGP,RAMP3,RAMP2,GENE12,IGFBP7,GENE18,VWF,GNG11,PECAM1,SPARCL1",EC venous,vein endothelial cell,CL:0002543,endothelial cell
2185,Lung,5,0.5,"CD2,GENE65,CD3D,IL32,GENE35,GENE74,GENE60,CD69,CCL5,TRAC,CXCR4,CD3E,TRBC2,CORO1A,GENE59",T cell lineage,T cell,CL:0000084,T cell
2186,Lung,5,0.5,"GENE39,CLEC14A,TM4SF1,CLDN5,GENE3,GENE40,GENE86,IFI27,SOX17,A2M,CRIP2,GENE46,PECAM1,SPARCL1,GIMAP7",EC arterial,endothelial cell of artery,CL:1000413,basal cell
2187,Lung,5,0.5,"CALD1,LUM,C1S,GENE66,GENE3,BGN,MGP,IGFBP7,GENE5,COL6A1,DCN,COL1A2,GENE96,GENE49,SPARC",Fibroblasts,fibroblast,CL:0000057,lipofibroblast
2188,Lung,5,0.5,"AGER,EMP2,GENE27,FXYD3,SFTA2,GENE67,CEACAM6,GENE77,ADIRF,GENE76,GENE2,CAV1,KRT7,HOPX,TSPAN13",AT1,type I pneumocyte,CL:0002062,alveolar type I cell
2189,Lung,5,0.5,"RP11-356K23.1,C12orf75,GSTA1,CD24,GENE35,FAM229B,GENE24,TMEM231,GENE81,RP11-295M3.4,C11orf97,GENE76,GENE85,C5orf49,SNTN",Multiciliated lineage,multi-ciliated epithelial cell,CL:0005012,nasal epithelial cell
2190,Lung,5,0.5,"GENE26,GENE62,LTB,MS4A1,GENE57,GENE35,IGHA1,GENE27,IGLC2,CD79A,TSC22D3,IGKC,CORO1A,CD37,ISG20",B cell lineage,B cell,CL:0000236,mast cell
2191,Lung,5,0.5,"CXCL17,GENE39,GENE73,KRT7,BPIFB1,GENE95,CEACAM6,TACSTD2,GENE60,PIGR,MUC1,WFDC2,CP,GENE75,KRT19",Secretory,secretory cell,CL:0000151,pulmonary alveolar type 2 cell
2192,Lung,5,0.5,"CD14,GENE47,GENE52,GENE19,S100A9,S100A8,GENE98,FCER1G,COTL1,LST1,AIF1,VCAN,S100A12,FCN1,GENE59",Monocytes,monocyte,CL:0000576,nonclassical monocyte
2193,Lung,5,0.5,"TCN1,GENE55,GENE9,SELM,GENE15,MARCKSL1,GENE35,LTF,ZG16B,PIP,PIGR,GENE77,CCL28,SEC11C,AZGP1",Submucosal Secretory,,,goblet cell
2194,Lung,5,0.5,"GENE7,GENE9,GENE50,CLEC14A,TM4SF1,CLDN5,AQP1,GENE33,CDH5,IFI27,GENE23,PECAM1,SPARCL1,EGFL7,HYAL2",EC capillary,capillary endothelial cell,CL:0002144,endothelial cell
2195,Lung,5,0.5,"SDPR,TM4SF1,CLDN5,CCL21,RAMP2,ECSCR,IGFBP7,MMRN1,GNG11,GENE71,PPFIBP1,GENE2,GENE75,GENE51,GENE73",Lymphatic EC mature,,,endothelial cell
2196,Lung,5,0.5,"TFF3,SDPR,AKAP12,CLDN5,TCF4,CCL21,GENE68,GENE37,GENE86,GENE87,IGFBP7,GNG11,GENE28,TIMP3,TFPI",Lymphatic EC differentiating,,,endothelial cell
2197,Lung,5,0.5,"HLA-DQB1,GENE79,GENE66,HLA-DQA1,HLA-DPA1,ITGB2,GPR183,GENE11,HLA-DPB1,GENE48,GENE91,HLA-DRB1,HLA-DMA,CORO1A,MS4A6A",Dendritic cells,dendritic cell,CL:0000451,nonclassical monocyte
2198,Lung,5,0.5,"GENE13,CALD1,TPM2,CYR61,GENE72,MT1X,CTGF,GPX3,GENE91,IGFBP5,GENE42,GENE81,SPARCL1,PRELP,TAGLN",Myofibroblasts,myofibroblast cell,CL:0000186,unspecified cell type
2199,Lung,5,0.5,"KIT,GENE7,GENE9,VWA5A,C1orf186,CPA3,HPGDS,GENE63,MS4A2,TPSB2,GENE2,TPSAB1,GENE4,RGS13,GATA2",Mast cells,mast cell,CL:0000097,mast cell
2200,Lung,5,0.5,"GENE22,TPM2,PLN,GENE62,LMOD1,GENE33,IGFBP7,GENE32,FLNA,ACTG2,SELM,PPP1R14A,DES,GENE75,NEXN",Fibromyocytes,,,smooth muscle cell
2201,Lung,5,0.5,"S100A16,EID1,GENE52,GENE57,ECSCR,GENE93,MARCKS,TUBB,ARPC1A,GENE5,HMGN1,GENE42,LSM2,COX20,HMGN2",Lymphatic EC proliferating,,,neutrophil
2202,Lung,5,0.5,"GENE45,GENE1,FBXL7,GENE65,LDB2,TSHZ2,GENE24,MMRN1,PKHD1L1,SEMA3A,KALRN,ST6GALNAC3,PPFIBP1,CD36,GENE20",Endothelial cell (lymphatic),endothelial cell of lymphatic vessel,CL:0002138,smooth muscle cell
2203,Lung,5,0.5,"LMO7,RAB11FIP1,GENE36,EMP2,GENE93,GENE51,GENE80,GENE60,NCKAP5,RBMS3,NTM,KHDRBS2,LIMCH1,LAMA3,ST6GALNAC5",Epithelial cell (alveolar type I),type I pneumocyte,CL:0002062,Clara_cell
2204,Lung,5,0.5,"MACROD2,AUTS2,GENE47,GENE79,GENE54,ZNF385B,SFTPC,GENE12,ABCA3,ANK3,SFTPB,PDE4D,LRRK2,ERBB4,GENE83",Epithelial cell (alveolar type II),type II pneumocyte,CL:0002063,alveolar type II cell
2205,Lung,5,0.5,"GENE82,MACROD2,GLIS3,GENE78,GENE36,SSBP2,GENE90,EYA2,GENE56,XPR1,RBMS3,KRT17,TP63,FAF1,CACHD1",Epithelial cell (basal),basal cell,CL:0000646,Answer not present
2206,Lung,5,0.5,"TMEM232,DNAH12,CFAP54,DNAH7,STK33,GENE58,HYDIN,GENE18,CDHR3,GENE31,LRRIQ1,GENE74,AGBL4,GENE53,C4orf22",Epithelial cell (ciliated),ciliated epithelial cell,CL:0000067,ciliated epithelial cell
2207,Lung,5,0.5,"NEDD4L,MACROD2,GENE9,GENE94,SCGB3A2,CDK14,GENE66,MECOM,GENE31,BMPR1B,KIAA1217,SFTPB,GENE97,ERBB4,KIAA1324",Epithelial cell (club),club cell,CL:0000158,pulmonary alveolar type 2 cell
2208,Lung,5,0.5,"GENE7,PDK1,FBXW7,ARHGAP15,GENE98,PLCG2,GENE69,ST6GAL1,GENE80,GENE71,CREB3L2,FCHSD2,RALGPS2,DENND5B,MEF2C",Immune (B cell),B cell,CL:0000236,b cell
2209,Lung,5,0.5,"GENE50,GENE21,GENE79,PIP4K2A,B2M,FYN,GENE51,GENE25,SKAP1,ARHGAP15,PRKCH,KLRD1,PARP8,AOAH,CD247",Immune (NK cell),natural killer cell,CL:0000623,Natural Killer T Cell
2210,Lung,5,0.5,"GENE39,GENE65,FYN,FKBP5,GENE25,GENE44,GENE80,BCL2,PTPRC,SYTL3,ARHGAP15,PARP8,THEMIS,ITK,SKAP1",Immune (T cell),T cell,CL:0000084,multiple cell types
2211,Lung,5,0.5,"ZEB2,DOCK8,GENE47,GENE62,FMNL2,GPCPD1,SLC11A1,PPARG,GENE21,RNF149,GENE87,TFRC,PLXDC2,MSR1,GENE41",Immune (alveolar macrophage),alveolar macrophage,CL:0000583,unidentified_cell_type
2212,Lung,5,0.5,"GENE82,KIT,GENE7,SAMSN1,GENE89,IL18R1,FER,TPSB2,SLC24A3,GENE84,SRGN,SYTL3,ARHGAP15,TPSAB1,GENE83",Immune (mast cell),mast cell,CL:0000097,mast cell
2213,Lung,5,0.5,"GENE13,CALD1,GENE63,GENE66,INPP4B,CACNA1C,TPM1,GENE4,GENE84,PRKG1,ACTA2,DMD,EBF1,LPP,MYH11",Pericyte/SMC,"pericyte,smooth muscle cell","CL:0000669,CL:0000192",vascular smooth muscle cell
2214,Lung,5,0.5,"PTPRB,PTPRM,TCF4,LDB2,GENE18,GENE56,GENE29,ST6GALNAC3,GENE28,TIMP3,PECAM1,CALCRL,EPAS1,EGFL7,GENE73",Endothelial cell (vascular),endothelial cell of vascular tree,CL:0002139,endothelial cell
2215,Lung,5,0.5,"LAMA2,GENE24,GENE70,PLEKHH2,ROBO2,GENE88,LSAMP,RBMS3,PRKG1,ARHGAP6,RORA,GENE85,SLIT2,PLXDC2,GENE31",Fibroblast,fibroblast,CL:0000057,pulmonary cell type mixture
2216,Lung,5,0.5,"TBXAS1,ZEB2,GENE98,FKBP5,CD74,PIK3R5,CHST11,GENE70,GENE31,GENE28,SRGN,PLXDC2,SLC8A1,GENE16,CTSB",Immune (DC/macrophage),"dendritic cell,macrophage","CL:0000451,CL:0000235",mast cell
2217,Lung,5,0.5,"GENE65,GENE50,PLIN2,GHR,ADIPOQ,LPIN1,PPARG,GENE12,PLIN1,GENE29,GENE91,FOXO1,EBF1,G0S2,ACSL1",Adipocyte,fat cell,CL:0000136,adipocyte
2218,Lung,5,0.5,"AGER,EMP2,GENE71,GENE74,CAV1,PDPN,HOPX",Alveolar Type I,type I pneumocyte,CL:0002062,alveolar epithelial type I cell
2219,Lung,5,0.5,"GENE13,NKX2-1,GENE57,SLC34A2,LAMP3,SFTPC,SFTPB",Alveolar Type II,type II pneumocyte,CL:0002063,pulmonary alveolar type 2 cell
2220,Lung,5,0.5,"GENE55,GENE72,CD24,CXCR3,CD1c,FAS,CR2",B cell_memory,memory B cell,CL:0000787,other
2221,Lung,5,0.5,"GENE39,GENE78,GENE89,TUBA1A,HYDIN,FAM92B,GENE81,FOXJ1,DNAH5,DNAI1,DNAI2,CDHR3",Ciliated Epithelial,ciliated epithelial cell,CL:0000067,ciliated epithelial cell
2222,Lung,5,0.5,"GENE19,SCGB3A2,SCGB1A1,BPIFA1,GENE85,SCGB3A1,SLPI,MUC5B,GENE16,CYP2F2",Club Epithelial,club cell,CL:0000158,goblet cell
2223,Lung,5,0.5,"GENE1,GENE30,NEGR1,COL4A1,GENE34,GENE100,COL5A1,COL1A1,IGFBP5,FBN1,VIM,COL5A2,IL33,GENE45,GENE52,HGF,GENE62,COL18A1,COL6A3,GENE17,FBLN1,DCN,GENE85,SLIT2,FN1,GENE4,DDR2,GENE97,CCN2,IGFBP3,COL6A6,IL6,COL3A1,COL6A1,COL1A2,COL6A2,GENE73",Fibroblast,fibroblast,CL:0000057,fibroblast
2224,Lung,5,0.5,"GENE1,GENE7,RELN,FLT4,CCL21,GENE56,MMRN1,PROX1,LYVE1",Lymphatic Endothelial,endothelial cell of lymphatic vessel,CL:0002138,pulmonary alveolar type 2 cell
2225,Lung,5,0.5,"GENE9,LYZ,GENE61,C1QA,GENE88,PTPRC,LYVE1,CD68,MSR1,GENE51,SLC11A1,MERTK,CPM,GENE6,CD163,MS4A6A,GENE35,RBPJ,MS4A4A,CD74,GENE11,GENE96,CD36,GENE66,MR1,CSF1R,GENE92,MRC1",Macrophage,macrophage,CL:0000235,macrophage
2226,Lung,5,0.5,"KIT,GENE57,HDC,GENE86,TPSB2,CD69,FCER1A,TPSAB1,GENE83",Mast Cell,mast cell,CL:0000097,mast cell
2227,Lung,5,0.5,"GENE45,MYO1B,GENE52,CSPG4,MCAM,GENE56,GENE85,ACTA2,ANPEP,DES,PDGFRB",Pericyte,pericyte,CL:0000669,fibroblast
2228,Lung,5,0.5,"GENE39,MYOCD,GENE61,SMTN,ACTG2,GUCY1A3,GENE12,PALLD,ACTN1,VCL,DES,GENE47,GENE54,GUCY1B3,GENE76,ACTA2,CNN1,TAGLN,GENE99,MYH11,MYL9",Smooth Muscle,smooth muscle cell,CL:0000192,smooth muscle cell
2229,Lung,5,0.5,"GENE1,GENE30,PTPRC,SKAP1,NKG7,TRAC,IL7R,GENE46,CD3E,CD96,THEMIS,CD3D,CD3G,GENE17,GENE29,CD247,TRBC1,CD69,GENE83",T cell,T cell,CL:0000084,T cell
2230,Lung,5,0.5,"PTPRB,GENE45,GENE94,CLDN5,GENE59,NOSTRIN,LDB2,GENE68,RAMP3,VWF,GENE85,EPHB4,PECAM1,BACE2,CD300LG",Vascular Endothelial,endothelial cell of vascular tree,CL:0002139,endothelial cell
2231,Lung,5,0.5,"NAPSA,SFTPA1,SFTPA2,SFTPD,SFTA2,SFTPB,SLC34A2,PGC,HOPX,MUC1",type ii pneumocyte,type II pneumocyte,CL:0002063,alveolar epithelial cell
2232,Lung,5,0.5,"IL1R2,S100A12,FCGR3B,CXCR2,MTND5P32,PROK2,CD177,MMP25,OLAH,MGAM",neutrophil,neutrophil,CL:0000775,nonclassical monocyte
2233,Lung,5,0.5,"IL7R,IL32,CD3D,CD69,CD3E,TRAC,CXCR4,CD2,CD3G,TRBC2","cd4-positive, alpha-beta t cell","CD4-positive, alpha-beta T cell",CL:0000624,T cell
2234,Lung,5,0.5,"CCL5,GZMA,IL32,CCL4,NKG7,CD3D,CD2,KLRD1,CD3E,GNLY","cd8-positive, alpha-beta t cell","CD8-positive, alpha-beta T cell",CL:0000625,T cell
2235,Lung,5,0.5,"GNLY,KLRD1,GZMB,PRF1,GZMA,FGFBP2,CST7,CD247,KLRF1,KLRB1",nk cell,natural killer cell,CL:0000623,natural killer cell
2236,Lung,5,0.5,"RBP5,SELE,CCL14,ZNF385D,CYTL1,POSTN,PLVAP,ADAMTS4,NEURL1B,EXOC3L2",bronchial vessel endothelial cell,,,Fibroblast-endothelial mixed cell type
2237,Lung,5,0.5,"ACTG2,DES,ADRA2C,FOXC2,CNN1,JPH2,MYH11,CCN5,HSPB6,AC100803.2",smooth muscle cell,smooth muscle cell,CL:0000192,smooth muscle cell
2238,Lung,5,0.5,"DCN,IGFBP6,FBLN1,PLA2G2A,C1S,MFAP4,MFAP5,C1R,SERPINF1,MGP",adventitial cell,adventitial cell,CL:0002503,fibroblast
2239,Lung,5,0.5,"C1QA,MARCO,ACP5,MS4A7,APOC1,C1QB,MRC1,APOE,VSIG4,FABP4",macrophage,macrophage,CL:0000235,macrophage
2240,Lung,5,0.5,"TPSB2,TPSAB1,CPA3,MS4A2,RHEX,HPGDS,KIT,CD69,GATA2,VWA5A",basophil,basophil,CL:0000767,mast cell
2241,Lung,5,0.5,"S100A8,VCAN,FCN1,S100A12,S100A9,MNDA,FGL2,COTL1,CD300E,VSIR",classical monocyte,classical monocyte,CL:0000860,monocyte
2242,Lung,5,0.5,"PTPRB,CXCL12,GJA5,DKK2,NPR3,SERPINE2,SSTR1,NOS1,SOX17,MMRN2",endothelial cell of artery,endothelial cell of artery,CL:1000413,endothelial cell
2243,Lung,5,0.5,"CAPS,TMEM190,C20orf85,C9orf24,TPPP3,RSPH1,C11orf88,C1orf194,PIFO,TSPAN1",lung ciliated cell,lung ciliated cell,CL:1000271,multiciliated epithelial cell
2244,Lung,5,0.5,"FCER1A,CD1C,GPR183,S100B,CLEC10A,CD1E,FCGR2B,PKIB,CST7,CLEC5A",dendritic cell,dendritic cell,CL:0000451,dendritic cell
2245,Lung,5,0.5,"BPIFB1,LCN2,SCGB1A1,MSMB,SCGB3A1,WFDC2,TFF3,CP,SERPINB3,TSPAN1",respiratory goblet cell,respiratory goblet cell,CL:0002370,club cell
2246,Lung,5,0.5,"S100A2,MIR205HG,KRT5,KRT15,KRT19,KRT17,ALDH3A1,PERP,TACSTD2,IGFBP2",basal cell,basal cell,CL:0000646,basal epithelial cell
2247,Lung,5,0.5,"JCHAIN,MZB1,IGHG3,DERL3,IGHG2,CD79A,IGHG4,IGHA2,TNFRSF17,SPAG4",plasma cell,plasma cell,CL:0000786,plasma cell
2248,Lung,5,0.5,"CD79A,MS4A1,TNFRSF13C,IGHM,VPREB3,TNFRSF13B,BLK,LINC01781,CD19,PAX5",b cell,B cell,CL:0000236,B cell
2249,Lung,5,0.5,"PRR4,PRB3,TCN1,C6orf58,LPO,TTYH1,LINC01829,SLC5A1,PRB1,ANO1",serous cell of epithelium of bronchus,serous cell of epithelium of bronchus,CL:1000331,goblet cell
2250,Lung,5,0.5,"FGL2,MS4A6A,CD163,MAFB,CSF1R,FCGR3A,AIF1,RNASE6,LST1,HCLS1",non-classical monocyte,non-classical monocyte,CL:0000875,macrophage
2251,Lung,5,0.5,"FCN3,MT1M,TIMP3,RAMP2,SLC6A4,VWF,CLDN5,FAM107A,CALCRL,LRRC32",capillary endothelial cell,capillary endothelial cell,CL:0002144,endothelial cell
2252,Lung,5,0.5,"EDNRB,CLDN5,IL1RL1,CA4,EMCN,GNG11,TIMP3,HPGD,SPARCL1,RAMP2",capillary aerocyte,,,endothelial cell
2253,Lung,5,0.5,"RTKN2,SCEL,NTM,MS4A15,NCKAP5,PKDCC,ITLN2,UPK3B,MYRF,ST6GALNAC5",type i pneumocyte,type I pneumocyte,CL:0002062,Club Cell
2254,Lung,5,0.5,"ACKR1,VWF,C7,SPARCL1,IGFBP7,RAMP3,TIMP3,PRSS23,LIFR,CLU",vein endothelial cell,vein endothelial cell,CL:0002543,endothelial cell
2255,Lung,5,0.5,"DCN,LUM,ADH1B,MGP,FBLN1,C1S,MFAP4,RARRES2,C7,PTGDS",alveolar fibroblast,,,fibroblast
2256,Lung,5,0.5,"CCL21,MMRN1,PROX1,SEMA3D,FOXC2,SCN3B,GPR182,RELN,HOXD9,STAB2",endothelial cell of lymphatic vessel,endothelial cell of lymphatic vessel,CL:0002138,cell_type_name
2257,Lung,5,0.5,"MYH11,PPP1R14A,ACTG2,CRYAB,DES,LMOD1,CNN1,PLAC9,CARMN,PLN",bronchial smooth muscle cell,bronchial smooth muscle cell,CL:0002598,smooth muscle cell
2258,Lung,5,0.5,"AL139020.1,PLD4,MZB1,LILRA4,SCT,SPIB,CLEC4C,LAMP5,FAM129C,AL357143.1",plasmacytoid dendritic cell,plasmacytoid dendritic cell,CL:0000784,nonclassical monocyte
2259,Lung,5,0.5,"SCGB3A2,CYP2B7P,CEACAM6,WFDC2,FOLR1,GPRC5A,NEDD4L,PIGR,ELF3,SFTPB",club cell,club cell,CL:0000158,"club cell, pulmonary alveolar type 2 cell"
2260,Lung,5,0.5,"ACKR1,SPARCL1,VWF,PLVAP,IGFBP7,NPDC1,CLDN5,LIFR,C7,CLU",lung microvascular endothelial cell,lung microvascular endothelial cell,CL:2000016,endothelial cell
2261,Lung,5,0.5,"PPP1R14A,CCN5,BGN,MYH11,PDGFRB,COX4I2,C2orf40,PRELP,LMOD1,GJA4",vascular associated smooth muscle cell,vascular associated smooth muscle cell,CL:0000359,endothelial cell
2262,Lung,5,0.5,"AC005821.1,LRRC38,MKRN9P,KCTD8,RSPO1,GPR1,SYT4,PLPPR4,LINC01902,FABP7",myofibroblast cell,myofibroblast cell,CL:0000186,goblet cell
2263,Lung,5,0.5,"COX4I2,TPM2,BGN,PDGFRB,HIGD1B,PPP1R14A,INMT,KCNK3,RGN,NDUFA4L2",pericyte cell,pericyte,CL:0000669,pulmonary endothelial cell
2264,Lung,5,0.5,"ITLN1,PRG4,HAS1,CPB1,BCHE,VIPR2,BNC1,SYT4,ROR2,RSPO1",mesothelial cell,mesothelial cell,CL:0000077,Goblet Cell
2265,Lung,5,0.5,"AC009269.2,SCN7A,BMP5,AL135910.1,SGIP1,CARMN,CACNA1C,COL1A2,ABCA6,TARID",fibroblast,fibroblast,CL:0000057,Fibroblast
2266,Lung,5,0.5,"FCN1,RNASE2,CD300E,VCAN,FGL2,LILRB2,MPEG1,CORO1A,LILRA1,AIF1",intermediate monocyte,intermediate monocyte,CL:0002393,nonclassical monocyte
2267,Lung,5,0.5,"ASCL3,CEL,HEPACAM2,ATP6V1G3,CLCNKB,CLNK,LINC01187,TMPRSS11E,PROX1,DGKI",pulmonary ionocyte,pulmonary ionocyte,CL:0017000,Clara cell
2268,Lung,5,0.75,"ARHGEF26,GENE19,LMO7,GENE98,AGER,EMP2,GENE93,RTKN2,GPRC5A,SPOCK2,GENE34,DST,SCEL,GENE84,GENE46,GENE31,LAMA3",Alveolar Epithelial Type 1,type I pneumocyte,CL:0002062,alveolar type I epithelial cell
2269,Lung,5,0.75,"GENE21,MS4A1,LINC00926,BLK,GENE68,SP140,GENE18,CD79A,GENE84,BANK1,CD22,VPREB3,CD79B,GENE14,GENE4,GENE23,ADAM28",B,B cell,CL:0000236,mast cell
2270,Lung,5,0.75,"GENE45,CLDN1,S100A2,GENE66,GENE90,KRT15,KRT5,FHL2,GENE29,DST,KRT17,PERP,GENE85,GENE23,GENE16,ITGA2,KRT19",Basal,basal cell,CL:0000646,basal cell
2271,Lung,5,0.75,"GENE100,CSF3R,S100A9,S100A8,CTSS,METTL9,GENE93,GENE3,GENE90,CD99,GENE28,VCAN,S100A12,GENE6,GENE75,FCN1,CD300E",CD14+ Monocyte,CD14-positive monocyte,CL:0001054,neutrophil
2272,Lung,5,0.75,"CD2,MALAT1,GENE22,GENE45,BCL11B,GENE3,GENE74,CD6,GENE10,CAMK4,LEF1,TRAT1,IL7R,ITK,MAL,GENE83,GENE73",CD4 T,"CD4-positive, alpha-beta T cell",CL:0000624,T cell
2273,Lung,5,0.75,"GENE39,GENE52,GENE63,GENE36,C20orf85,DNAH6,FAM92B,GENE5,RSPH1,CCDC170,CAPS,ZMYND10,CDHR3,GENE43,SNTN,GENE97,FANK1",Ciliated,ciliated cell,CL:0000064,Ciliated Cells
2274,Lung,5,0.75,"FCGR2B,HLA-DMB,GENE30,HLA-DQA1,CLEC10A,CSF2RA,GENE80,GPR183,FPR3,GENE18,HLA-DPB1,RGS1,GENE91,GENE86,GENE6,GENE16,MS4A6A",Dendritic,dendritic cell,CL:0000451,basophil
2275,Lung,5,0.75,"GENE65,C1S,LUM,ABLIM1,CFD,GENE58,C3,C1R,GENE70,GENE14,FBLN1,DCN,SLIT2,GENE4,GENE23,GENE97,ADH1B",Fibroblast,fibroblast,CL:0000057,pulmonary alveolar type 2 cell
2276,Lung,5,0.75,"TFF3,GENE1,TFPI,GENE79,GENE98,CCL21,IGFBP7,MMRN1,PKHD1L1,PROX1,GENE71,PPFIBP1,GENE88,GENE96,TIMP3,GENE43,TBX1",Lymphatic,,,lymphatic endothelial cell
2277,Lung,5,0.75,"GENE1,APOC1,GENE7,GENE94,C1QB,GENE98,C1QA,VSIG4,SLCO2B1,GENE44,GENE24,ACP5,ITGAX,GENE74,GPD1,MARCO,OLR1",Macrophage,macrophage,CL:0000235,neutrophil
2278,Lung,5,0.75,"KLRF1,GNLY,GZMB,GENE54,GENE93,GENE11,GENE32,GENE88,FCGR3A,NKG7,PYHIN1,GENE6,GENE38,KLRD1,SPON2,PRF1,CD247",Natural Killer,natural killer cell,CL:0000623,natural killer (NK) cell
2279,Lung,5,0.75,"PRDX4,MANF,SSR4,GENE52,GENE30,XBP1,POU2AF1,TNFRSF17,HSP90B1,GENE5,GENE60,GENE43,GENE53,MZB1,DERL3,SEC11C,GENE73",Plasma,plasma cell,CL:0000786,b cell
2280,Lung,5,0.75,"GENE58,SFTPA2,GENE67,SLC34A2,GENE18,SFTPC,LAMP3,ABCA3,GENE12,GENE29,SFTPA1,SFTPD,GENE76,SFTPB,NAPSA,LPCAT1,GENE97",Alveolar Epithelial Type 2,type II pneumocyte,CL:0002063,alveolar type II cell
2281,Lung,5,0.75,"KIT,GENE55,VWA5A,CPA3,HPGDS,GRAP2,GENE57,GENE36,HDC,GENE69,CD44,MS4A2,GENE77,GENE49,TPSAB1,GENE4,GATA2",Basophil/Mast,"basophil,mast cell","CL:0000767,CL:0000097",mast cell
2282,Lung,5,0.75,"GENE1,GENE50,LILRB2,GENE21,GENE40,COTL1,RPS19,GENE80,LST1,AIF1,FCGR3A,GENE60,GENE91,SAT1,RHOC,FCN1,IFITM2",CD16+ Monocyte,,,nonclassical monocyte
2283,Lung,5,0.75,"GENE45,GENE62,CDC42EP1,NOSTRIN,PODXL,CDH5,RAMP3,GENE86,BTNL9,GENE84,GENE85,CD81,GENE49,FCN3,EPAS1,FLNB,GENE73",Capillary,,,Endothelial cells
2284,Lung,5,0.75,"GENE7,CD3D,GZMH,CD3G,GENE37,CD8B,GENE34,GENE95,CCL5,RPL34,NKG7,CD8A,GZMA,RPS27,GENE76,GENE81,GENE53",CD8 T,"CD8-positive, alpha-beta T cell",CL:0000625,T cell
2285,Lung,5,0.75,"GENE39,SCGB3A2,GENE61,DSTN,GENE37,CYB5A,GENE70,CEACAM6,GENE83,PIGR,GENE85,CTSE,SFTPB,GENE23,WFDC2,C16orf89,KIAA1324",Club,club cell,CL:0000158,club cell
2286,Lung,5,0.75,"GENE45,CALD1,GENE8,ASPN,COL6A3,POSTN,LTBP1,BGN,GENE89,GENE12,GENE95,COL3A1,COL1A1,COL1A2,GENE31,GENE88,ITGBL1",Myofibroblast,myofibroblast cell,CL:0000186,fibroblast
2287,Lung,5,0.75,"GENE1,GENE62,PTPRE,GZMB,IRF7,GENE6,TYROBP,GENE68,GENE95,GENE70,GENE92,PLD4,NPC2,PPP1R14B,IL3RA,IRF4,SEC61B",Plasmacytoid Dendritic,plasmacytoid dendritic cell,CL:0000784,natural killer t cell
2288,Lung,5,0.75,"TPX2,BIRC5,GENE45,GENE100,NUSAP1,STMN1,GENE9,UBE2C,TYMS,ANLN,KPNA2,GENE17,CDK1,GENE92,GENE74,H2AFZ,GENE41",Proliferating Macrophage,,,cell_type_name
2289,Lung,5,0.75,"GENE13,BIRC5,GENE97,GENE65,NUSAP1,KIF2C,SMC4,GENE66,UBE2C,GENE53,H2AFV,GENE70,AURKB,GENE49,CENPF,HMGB2,TOP2A",Proliferating NK/T,,,pulmonary alveolar type 2 cell
2290,Lung,5,0.75,"GENE82,GENE39,GENE52,POSTN,GENE37,VWF,GENE71,COL15A1,GENE48,ZNF385D,ENPP2,PLVAP,EMCN,INHBB,SPARCL1,SPRY1,GENE55",Bronchial Vessel,,,endothelial cell
2291,Lung,5,0.75,"GENE50,GENE3,BPIFB1,GENE40,SAA1,SCGB1A1,RARRES1,MSMB,GENE14,GENE76,SCGB3A1,GENE49,SLPI,LCN2,GENE64,WFDC2,MUC5B",Mucous,,,goblet cell
2292,Lung,5,0.75,"PTPRB,GENE82,GENE47,GENE36,GENE54,GENE67,PRSS23,GENE18,GENE70,TGM2,VWF,LIFR,SELP,PLA1A,CPE,SRPX,SLCO2A1",Vein,,,pulmonary endothelial cell
2293,Lung,5,0.75,"CHN1,CALD1,COL4A2,GENE47,GENE59,GENE78,GENE68,GENE40,NID1,COL4A1,LAMB1,COX4I2,GENE2,TACC1,GENE64,PDGFRB,LAMC3",Pericyte,pericyte,CL:0000669,cell_type_name
2294,Lung,5,0.75,"CALD1,TPM2,PLN,GENE41,GENE62,GENE27,DSTN,GENE33,GENE93,GENE92,GENE31,CSRP1,ACTA2,CNN1,DES,MYH11,MYL9",Smooth Muscle,smooth muscle cell,CL:0000192,smooth muscle cell
2295,Lung,5,0.75,"PTPRB,DKK2,HEY1,GENE19,GENE55,GENE57,GJA5,FBLN5,SEMA3G,GENE14,GENE34,EFNB2,BMX,GENE74,GENE2,EPAS1,ARGLU1",Artery,,,endothelial cell
2296,Lung,5,0.75,"GENE65,GENE99,HPGD,CYP3A5,CLDN5,GENE63,GENE33,APP,GENE34,STXBP6,GENE96,TBX2,GENE83,EMCN,SOSTDC1,ESAM,EDNRB",Capillary Aerocyte,,,endothelial cell of artery
2297,Lung,5,0.75,"IPO7,SH3BP5,GENE15,GENE66,GENE20,RALA,GALNT18,GENE34,GENE17,GENE77,SRSF11,PECAM1,ACVRL1,EPAS1,VAT1,WWTR1,GENE2",Capillary Intermediate,,,capillary endothelial cell
2298,Lung,5,0.75,"C7,GENE19,GENE52,GENE6,GENE78,GENE89,FGF7,C3,WT1,MEDAG,STEAP1,OSR1,CCDC71L,GENE34,GENE12,CPXM1,HAS1",Lipofibroblast,alveolar type 1 fibroblast cell,CL:4028004,pulmonary alveolar type 2 cell
2299,Lung,5,0.75,"ALDH1A3,GENE13,PRG4,GENE79,GALNT9,C3,DSC3,ITLN1,MGARP,WT1,DMKN,GENE24,GENE80,GENE42,SLPI,GENE14,GENE59",Mesothelial,mesothelial cell,CL:0000077,cell_type_name
2300,Lung,5,0.75,"CMTM5,GENE52,TUBB1,GENE72,GRAP2,GENE90,ITGA2B,CABP5,GENE71,PF4,GENE74,GENE38,ACRBP,GP6,GENE97,TMEM40,GP9",Platelet/Megakaryocyte,"platelet,megakaryocyte","CL:0000233,CL:0000556",platelet
2301,Lung,5,0.75,"CD2,GNLY,GENE59,CTSW,S100A6,GENE64,GENE54,GENE69,CCL5,CEBPB,GENE38,CXCR4,GENE81,CD7,LGALS1,GENE16,ZFP36L2",Natural Killer T,,,T cell
2302,Lung,5,0.75,"CLU,GENE26,CST5,GENE21,GENE86,MET,GENE32,FAM150A,HSPB3,RAMP1,CSRP1,IGF1,SCX,GENE85,GENE2,CNN1,GENE97",Fibromyocyte,,,endothelial cell of artery
2303,Lung,5,0.75,"CXCL17,S100P,PSCA,COX5A,GENE59,TXN,GENE20,AGR2,GENE42,GENE85,FAM3D,GABRP,CLIC1,GENE23,GENE31,WFDC2,GENE83",Goblet,goblet cell,CL:0000160,pulmonary alveolar type 2 cell
2304,Lung,5,0.75,"TFF3,TMPRSS11E,PHGR1,BSND,GENE33,GENE12,FOXI1,GENE88,HEPACAM2,ATP6V1B1,GENE84,STAC2,GENE74,MFSD6L,GENE16,ASCL3,GENE41",Ionocyte,ionocyte,CL:0005006,goblet cell
2305,Lung,5,0.75,"GENE58,PCSK1N,EGR1,FAM46A,PRDX2,CHGA,GENE27,GENE51,GENE34,SEC11C,GENE18,GENE90,SCGN,GENE28,CPE,BEX1,NENF",Neuroendocrine,neuroendocrine cell,CL:0000165,neuroendocrine cell
2306,Lung,5,0.75,"TCN1,GENE9,LPO,PHB,LYZ,GENE47,TESC,GENE29,ZG16B,GENE71,PRR4,GENE81,PRB3,PRH2,GENE99,GENE23,PRB4",Serous,serous secreting cell,CL:0000313,neutrophil
2307,Lung,5,0.75,"GENE26,GENE73,C1QB,LYZ,FCER1G,GENE68,C1QA,LAPTM5,GENE12,AIF1,GENE48,GENE38,C1QC,HLA-DRB1,CTSZ,GENE23,CTSL",Macrophages,macrophage,CL:0000235,mixed macrophage and monocyte cell types
2308,Lung,5,0.75,"GENE50,GNLY,GZMB,GENE8,CTSW,GENE72,GENE40,GENE51,CST7,GENE5,CD7,CCL5,NKG7,GZMA,GENE46,CCL4,PRF1",Innate lymphoid cell NK,natural killer cell,CL:0000623,cytotoxic T cell
2309,Lung,5,0.75,"S100A14,GENE19,GENE52,GENE61,SLC34A2,CYB5A,SLC39A8,SFTA2,GENE80,GENE10,GENE92,GENE31,SFTPD,NAPSA,MUC1,SFTA3,PEBP4",AT2,type II pneumocyte,CL:0002063,alveolar epithelial cell
2310,Lung,5,0.75,"GENE65,GENE21,CLEC14A,ACKR1,MGP,RAMP3,RAMP2,GENE95,IGFBP7,GENE10,VWF,GNG11,GENE14,GENE76,PECAM1,SPARCL1,GENE31",EC venous,vein endothelial cell,CL:0002543,endothelial cell
2311,Lung,5,0.75,"CD2,CD3D,IL32,GENE36,GENE72,GENE70,GENE95,GENE14,GENE17,CD69,CCL5,TRAC,CXCR4,CD3E,TRBC2,GENE64,CORO1A",T cell lineage,T cell,CL:0000084,natural killer t cell
2312,Lung,5,0.75,"CLEC14A,TM4SF1,CLDN5,GENE15,GENE67,GENE44,IFI27,SOX17,GENE71,GENE4,A2M,CRIP2,GENE74,PECAM1,SPARCL1,GIMAP7,GENE59",EC arterial,endothelial cell of artery,CL:1000413,endothelial cell
2313,Lung,5,0.75,"GENE19,CALD1,LUM,C1S,BGN,MGP,GENE70,IGFBP7,GENE32,COL6A1,DCN,COL1A2,SPARC,GENE4,GENE16,GENE55,GENE73",Fibroblasts,fibroblast,CL:0000057,lipofibroblast
2314,Lung,5,0.75,"GENE52,GENE98,AGER,EMP2,FXYD3,SFTA2,GENE25,CEACAM6,GENE5,GENE88,GENE48,ADIRF,GENE6,CAV1,KRT7,HOPX,TSPAN13",AT1,type I pneumocyte,CL:0002062,pulmonary alveolar type 2 cell
2315,Lung,5,0.75,"GENE26,RP11-356K23.1,GENE30,C12orf75,GENE79,GSTA1,CD24,FAM229B,TMEM231,RP11-295M3.4,GENE96,C11orf97,GENE49,C5orf49,GENE75,SNTN,GENE38",Multiciliated lineage,multi-ciliated epithelial cell,CL:0005012,Cannot determine the specific cell type based solely on the provided gene list.
2316,Lung,5,0.75,"GENE21,LTB,MS4A1,GENE15,IGHA1,GENE25,IGLC2,CD79A,GENE48,TSC22D3,GENE77,GENE76,IGKC,GENE20,CORO1A,CD37,ISG20",B cell lineage,B cell,CL:0000236,B cell
2317,Lung,5,0.75,"CXCL17,GENE22,GENE39,KRT7,GENE3,GENE33,BPIFB1,GENE40,GENE89,CEACAM6,TACSTD2,GENE83,PIGR,MUC1,WFDC2,CP,KRT19",Secretory,secretory cell,CL:0000151,pulmonary alveolar type 2 cell
2318,Lung,5,0.75,"CD14,GENE100,GENE63,S100A9,S100A8,GENE36,FCER1G,GENE37,GENE86,COTL1,GENE80,LST1,AIF1,VCAN,S100A12,GENE20,FCN1",Monocytes,monocyte,CL:0000576,nonclassical monocyte
2319,Lung,5,0.75,"TCN1,GENE9,SELM,GENE8,MARCKSL1,GENE36,GENE41,GENE51,LTF,ZG16B,PIP,PIGR,GENE81,CCL28,GENE97,SEC11C,AZGP1",Submucosal Secretory,,,goblet cell
2320,Lung,5,0.75,"GENE39,GENE58,CLEC14A,TM4SF1,CLDN5,AQP1,GENE54,CDH5,GENE90,GENE98,GENE24,IFI27,GENE60,PECAM1,SPARCL1,EGFL7,HYAL2",EC capillary,capillary endothelial cell,CL:0002144,endothelial cell
2321,Lung,5,0.75,"SDPR,GENE58,TM4SF1,CLDN5,CCL21,RAMP2,ECSCR,GENE93,GENE12,IGFBP7,MMRN1,GNG11,GENE29,GENE80,PPFIBP1,GENE25,GENE4",Lymphatic EC mature,,,endothelial cell of artery
2322,Lung,5,0.75,"TFF3,SDPR,AKAP12,CLDN5,TCF4,CCL21,GENE87,IGFBP7,GENE12,GNG11,GENE10,TIMP3,GENE46,GENE2,GENE64,TFPI,GENE51",Lymphatic EC differentiating,,,Answer is not in the database
2323,Lung,5,0.75,"GENE45,GENE65,HLA-DQB1,GENE79,GENE89,HLA-DQA1,HLA-DPA1,ITGB2,GPR183,GENE11,HLA-DPB1,GENE71,GENE42,HLA-DRB1,HLA-DMA,CORO1A,MS4A6A",Dendritic cells,dendritic cell,CL:0000451,macrophage
2324,Lung,5,0.75,"GENE65,CALD1,TPM2,CYR61,GENE52,GENE21,GENE40,MT1X,CTGF,GPX3,GENE29,IGFBP5,SPARCL1,GENE16,PRELP,GENE51,TAGLN",Myofibroblasts,myofibroblast cell,CL:0000186,endothelial cell
2325,Lung,5,0.75,"KIT,VWA5A,C1orf186,CPA3,HPGDS,GENE40,GENE69,GENE34,GENE32,MS4A2,TPSB2,GENE48,GENE71,GENE17,TPSAB1,RGS13,GATA2",Mast cells,mast cell,CL:0000097,mast cell
2326,Lung,5,0.75,"GENE47,TPM2,PLN,LMOD1,GENE98,GENE87,IGFBP7,GENE34,FLNA,GENE77,ACTG2,GENE74,SELM,PPP1R14A,DES,GENE53,NEXN",Fibromyocytes,,,smooth muscle cell
2327,Lung,5,0.75,"S100A16,EID1,GENE63,GENE58,GENE35,ECSCR,GENE90,MARCKS,TUBB,ARPC1A,GENE88,HMGN1,GENE49,GENE14,LSM2,COX20,HMGN2",Lymphatic EC proliferating,,,endothelial cell
2328,Lung,5,0.75,"GENE22,FBXL7,GENE55,GENE78,LDB2,TSHZ2,GENE37,MMRN1,PKHD1L1,SEMA3A,KALRN,ST6GALNAC3,PPFIBP1,CD36,GENE38,GENE31,GENE51",Endothelial cell (lymphatic),endothelial cell of lymphatic vessel,CL:0002138,Not identifiable with provided markers
2329,Lung,5,0.75,"GENE45,GENE1,GENE50,LMO7,RAB11FIP1,GENE72,GENE41,EMP2,GENE93,GENE12,NCKAP5,RBMS3,NTM,KHDRBS2,LIMCH1,LAMA3,ST6GALNAC5",Epithelial cell (alveolar type I),type I pneumocyte,CL:0002062,Basal Cell
2330,Lung,5,0.75,"GENE26,MACROD2,AUTS2,ZNF385B,GENE37,GENE69,SFTPC,GENE87,ABCA3,ANK3,GENE32,SFTPB,PDE4D,LRRK2,ERBB4,GENE16,GENE59",Epithelial cell (alveolar type II),type II pneumocyte,CL:0002063,alveolar epithelial cell type II
2331,Lung,5,0.75,"MACROD2,GLIS3,GENE39,GENE72,SSBP2,GENE68,GENE18,EYA2,GENE12,XPR1,RBMS3,KRT17,GENE85,GENE81,TP63,FAF1,CACHD1",Epithelial cell (basal),basal cell,CL:0000646,goblet cell
2332,Lung,5,0.75,"TMEM232,DNAH12,CFAP54,DNAH7,STK33,HYDIN,GENE86,GENE11,GENE95,CDHR3,GENE29,GENE5,LRRIQ1,GENE76,AGBL4,GENE4,C4orf22",Epithelial cell (ciliated),ciliated epithelial cell,CL:0000067,ciliated epithelial cell
2333,Lung,5,0.75,"NEDD4L,MACROD2,SCGB3A2,CDK14,GENE41,GENE6,GENE57,GENE93,GENE86,MECOM,GENE12,BMPR1B,KIAA1217,SFTPB,GENE38,ERBB4,KIAA1324",Epithelial cell (club),club cell,CL:0000158,pulmonary alveolar type 2 cell
2334,Lung,5,0.75,"GENE39,PDK1,GENE30,FBXW7,GENE47,ARHGAP15,GENE27,PLCG2,GENE40,GENE44,ST6GAL1,CREB3L2,FCHSD2,GENE49,RALGPS2,DENND5B,MEF2C",Immune (B cell),B cell,CL:0000236,b cell
2335,Lung,5,0.75,"GENE13,GENE65,PIP4K2A,B2M,FYN,GENE3,GENE81,GENE32,GENE48,SKAP1,ARHGAP15,PRKCH,KLRD1,PARP8,GENE53,AOAH,CD247",Immune (NK cell),natural killer cell,CL:0000623,cd4+ mem/eff cell
2336,Lung,5,0.75,"GENE100,GENE78,FYN,FKBP5,GENE40,GENE93,GENE11,BCL2,GENE95,PTPRC,GENE84,SYTL3,ARHGAP15,PARP8,THEMIS,ITK,SKAP1",Immune (T cell),T cell,CL:0000084,nonclassical monocyte
2337,Lung,5,0.75,"GENE1,ZEB2,DOCK8,GENE39,FMNL2,GPCPD1,SLC11A1,PPARG,GENE61,RNF149,GENE67,GENE18,TFRC,GENE48,PLXDC2,MSR1,GENE99",Immune (alveolar macrophage),alveolar macrophage,CL:0000583,neutrophil
2338,Lung,5,0.75,"KIT,GENE47,SAMSN1,GENE58,GENE15,IL18R1,FER,TPSB2,SLC24A3,GENE84,SRGN,SYTL3,GENE76,ARHGAP15,TPSAB1,GENE31,GENE16",Immune (mast cell),mast cell,CL:0000097,mast cell
2339,Lung,5,0.75,"GENE13,GENE1,CALD1,INPP4B,GENE37,GENE81,GENE11,CACNA1C,TPM1,GENE84,PRKG1,ACTA2,DMD,EBF1,LPP,MYH11,GENE83",Pericyte/SMC,"pericyte,smooth muscle cell","CL:0000669,CL:0000192",endothelial cell of artery
2340,Lung,5,0.75,"PTPRB,PTPRM,GENE9,TCF4,LDB2,GENE67,GENE40,GENE95,GENE88,GENE91,ST6GALNAC3,TIMP3,PECAM1,CALCRL,EPAS1,EGFL7,GENE51",Endothelial cell (vascular),endothelial cell of vascular tree,CL:0002139,endothelial cell
2341,Lung,5,0.75,"GENE13,GENE22,GENE7,GENE62,GENE8,LAMA2,GENE18,PLEKHH2,ROBO2,LSAMP,RBMS3,PRKG1,ARHGAP6,RORA,SLIT2,PLXDC2,GENE55",Fibroblast,fibroblast,CL:0000057,mixture of unidentified cell types
2342,Lung,5,0.75,"TBXAS1,ZEB2,GENE45,GENE9,GENE19,GENE57,FKBP5,GENE64,GENE90,CD74,PIK3R5,CHST11,GENE24,SRGN,PLXDC2,SLC8A1,CTSB",Immune (DC/macrophage),"dendritic cell,macrophage","CL:0000451,CL:0000235",macrophages
2343,Lung,5,0.75,"GENE94,PLIN2,GHR,ADIPOQ,LPIN1,PPARG,GENE40,GENE86,PLIN1,GENE77,FOXO1,GENE2,GENE46,EBF1,G0S2,ACSL1,GENE83",Adipocyte,fat cell,CL:0000136,adipocyte
2344,Lung,5,0.75,"AGER,EMP2,GENE37,GENE24,GENE70,CAV1,PDPN,HOPX",Alveolar Type I,type I pneumocyte,CL:0002062,alveolar type I cell
2345,Lung,5,0.75,"GENE1,NKX2-1,GENE27,SLC34A2,LAMP3,SFTPC,SFTPB,GENE97",Alveolar Type II,type II pneumocyte,CL:0002063,alveolar type II cell
2346,Lung,5,0.75,"GENE59,CD24,GENE80,CXCR3,CD1c,FAS,CR2,GENE83",B cell_memory,memory B cell,CL:0000787,B cell
2347,Lung,5,0.75,"GENE22,GENE100,TUBA1A,HYDIN,FAM92B,GENE25,GENE44,FOXJ1,DNAH5,DNAI1,DNAI2,GENE38,CDHR3,GENE83",Ciliated Epithelial,ciliated epithelial cell,CL:0000067,ciliated epithelial cell
2348,Lung,5,0.75,"GENE82,SCGB3A2,GENE98,GENE10,SCGB1A1,GENE70,BPIFA1,SCGB3A1,SLPI,MUC5B,GENE31,CYP2F2",Club Epithelial,club cell,CL:0000158,"goblet cell, club cell"
2349,Lung,5,0.75,"GENE9,GENE33,GENE86,NEGR1,COL4A1,GENE53,COL5A1,COL1A1,IGFBP5,FBN1,VIM,COL5A2,IL33,GENE46,GENE22,GENE47,GENE52,HGF,GENE50,GENE78,COL18A1,COL6A3,GENE35,GENE57,GENE69,GENE10,GENE17,FBLN1,DCN,GENE84,GENE38,SLIT2,FN1,DDR2,CCN2,IGFBP3,COL6A6,IL6,COL3A1,COL6A1,COL1A2,COL6A2,GENE48",Fibroblast,fibroblast,CL:0000057,cell_type_name
2350,Lung,5,0.75,"RELN,GENE52,GENE78,FLT4,GENE27,CCL21,GENE95,MMRN1,PROX1,LYVE1",Lymphatic Endothelial,endothelial cell of lymphatic vessel,CL:0002138,lymphatic endothelial cell
2351,Lung,5,0.75,"GENE7,LYZ,GENE90,GENE33,C1QA,GENE68,PTPRC,GENE77,LYVE1,CD68,MSR1,GENE53,SLC11A1,MERTK,GENE12,CPM,GENE6,CD163,MS4A6A,GENE45,GENE22,GENE57,RBPJ,GENE93,MS4A4A,CD74,CD36,GENE66,MR1,CSF1R,MRC1,GENE81,GENE73",Macrophage,macrophage,CL:0000235,macrophage
2352,Lung,5,0.75,"KIT,HDC,GENE18,TPSB2,CD69,GENE76,FCER1A,GENE43,TPSAB1,GENE59",Mast Cell,mast cell,CL:0000097,mast cell
2353,Lung,5,0.75,"MYO1B,GENE66,CSPG4,GENE18,MCAM,GENE42,GENE85,GENE49,ACTA2,GENE38,ANPEP,DES,PDGFRB",Pericyte,pericyte,CL:0000669,pericyte
2354,Lung,5,0.75,"GENE1,GENE94,MYOCD,SMTN,ACTG2,GUCY1A3,GENE75,PALLD,GENE46,ACTN1,VCL,DES,GENE62,GENE24,GENE80,GUCY1B3,ACTA2,CNN1,TAGLN,GENE21,GENE92,GENE99,MYH11,MYL9",Smooth Muscle,smooth muscle cell,CL:0000192,smooth muscle cell
2355,Lung,5,0.75,"GENE33,GENE34,GENE32,PTPRC,SKAP1,GENE95,NKG7,TRAC,IL7R,GENE46,CD3E,CD96,THEMIS,CD3D,CD3G,GENE84,CD247,TRBC1,GENE72,GENE92,CD69,GENE55",T cell,T cell,CL:0000084,T cell
2356,Lung,5,0.75,"PTPRB,GENE21,GENE8,CLDN5,GENE57,NOSTRIN,LDB2,GENE74,RAMP3,VWF,EPHB4,PECAM1,BACE2,GENE20,GENE64,GENE97,CD300LG",Vascular Endothelial,endothelial cell of vascular tree,CL:0002139,endothelial cell
2357,Lung,5,0.75,"NAPSA,SFTPA1,SFTPA2,SFTPD,SFTA2,SFTPB,SLC34A2,PGC,HOPX,MUC1",type ii pneumocyte,type II pneumocyte,CL:0002063,alveolar type II cell
2358,Lung,5,0.75,"IL1R2,S100A12,FCGR3B,CXCR2,MTND5P32,PROK2,CD177,MMP25,OLAH,MGAM",neutrophil,neutrophil,CL:0000775,nonclassical monocyte
2359,Lung,5,0.75,"IL7R,IL32,CD3D,CD69,CD3E,TRAC,CXCR4,CD2,CD3G,TRBC2","cd4-positive, alpha-beta t cell","CD4-positive, alpha-beta T cell",CL:0000624,T lymphocyte
2360,Lung,5,0.75,"CCL5,GZMA,IL32,CCL4,NKG7,CD3D,CD2,KLRD1,CD3E,GNLY","cd8-positive, alpha-beta t cell","CD8-positive, alpha-beta T cell",CL:0000625,cytotoxic T cell
2361,Lung,5,0.75,"GNLY,KLRD1,GZMB,PRF1,GZMA,FGFBP2,CST7,CD247,KLRF1,KLRB1",nk cell,natural killer cell,CL:0000623,natural killer cell
2362,Lung,5,0.75,"RBP5,SELE,CCL14,ZNF385D,CYTL1,POSTN,PLVAP,ADAMTS4,NEURL1B,EXOC3L2",bronchial vessel endothelial cell,,,lung endothelial cell
2363,Lung,5,0.75,"ACTG2,DES,ADRA2C,FOXC2,CNN1,JPH2,MYH11,CCN5,HSPB6,AC100803.2",smooth muscle cell,smooth muscle cell,CL:0000192,smooth muscle cell
2364,Lung,5,0.75,"DCN,IGFBP6,FBLN1,PLA2G2A,C1S,MFAP4,MFAP5,C1R,SERPINF1,MGP",adventitial cell,adventitial cell,CL:0002503,fibroblast
2365,Lung,5,0.75,"C1QA,MARCO,ACP5,MS4A7,APOC1,C1QB,MRC1,APOE,VSIG4,FABP4",macrophage,macrophage,CL:0000235,macrophage
2366,Lung,5,0.75,"TPSB2,TPSAB1,CPA3,MS4A2,RHEX,HPGDS,KIT,CD69,GATA2,VWA5A",basophil,basophil,CL:0000767,mast cell
2367,Lung,5,0.75,"S100A8,VCAN,FCN1,S100A12,S100A9,MNDA,FGL2,COTL1,CD300E,VSIR",classical monocyte,classical monocyte,CL:0000860,monocyte-derived cells
2368,Lung,5,0.75,"PTPRB,CXCL12,GJA5,DKK2,NPR3,SERPINE2,SSTR1,NOS1,SOX17,MMRN2",endothelial cell of artery,endothelial cell of artery,CL:1000413,endothelial cell
2369,Lung,5,0.75,"CAPS,TMEM190,C20orf85,C9orf24,TPPP3,RSPH1,C11orf88,C1orf194,PIFO,TSPAN1",lung ciliated cell,lung ciliated cell,CL:1000271,ciliated airway epithelial cell
2370,Lung,5,0.75,"FCER1A,CD1C,GPR183,S100B,CLEC10A,CD1E,FCGR2B,PKIB,CST7,CLEC5A",dendritic cell,dendritic cell,CL:0000451,dendritic cell
2371,Lung,5,0.75,"BPIFB1,LCN2,SCGB1A1,MSMB,SCGB3A1,WFDC2,TFF3,CP,SERPINB3,TSPAN1",respiratory goblet cell,respiratory goblet cell,CL:0002370,club cell
2372,Lung,5,0.75,"S100A2,MIR205HG,KRT5,KRT15,KRT19,KRT17,ALDH3A1,PERP,TACSTD2,IGFBP2",basal cell,basal cell,CL:0000646,basal epithelial cell
2373,Lung,5,0.75,"JCHAIN,MZB1,IGHG3,DERL3,IGHG2,CD79A,IGHG4,IGHA2,TNFRSF17,SPAG4",plasma cell,plasma cell,CL:0000786,pulmonary alveolar type 2 cell
2374,Lung,5,0.75,"CD79A,MS4A1,TNFRSF13C,IGHM,VPREB3,TNFRSF13B,BLK,LINC01781,CD19,PAX5",b cell,B cell,CL:0000236,B cell
2375,Lung,5,0.75,"PRR4,PRB3,TCN1,C6orf58,LPO,TTYH1,LINC01829,SLC5A1,PRB1,ANO1",serous cell of epithelium of bronchus,serous cell of epithelium of bronchus,CL:1000331,goblet cell
2376,Lung,5,0.75,"FGL2,MS4A6A,CD163,MAFB,CSF1R,FCGR3A,AIF1,RNASE6,LST1,HCLS1",non-classical monocyte,non-classical monocyte,CL:0000875,macrophage
2377,Lung,5,0.75,"FCN3,MT1M,TIMP3,RAMP2,SLC6A4,VWF,CLDN5,FAM107A,CALCRL,LRRC32",capillary endothelial cell,capillary endothelial cell,CL:0002144,endothelial cell
2378,Lung,5,0.75,"EDNRB,CLDN5,IL1RL1,CA4,EMCN,GNG11,TIMP3,HPGD,SPARCL1,RAMP2",capillary aerocyte,,,endothelial cell
2379,Lung,5,0.75,"RTKN2,SCEL,NTM,MS4A15,NCKAP5,PKDCC,ITLN2,UPK3B,MYRF,ST6GALNAC5",type i pneumocyte,type I pneumocyte,CL:0002062,Basal Cell
2380,Lung,5,0.75,"ACKR1,VWF,C7,SPARCL1,IGFBP7,RAMP3,TIMP3,PRSS23,LIFR,CLU",vein endothelial cell,vein endothelial cell,CL:0002543,endothelial cell
2381,Lung,5,0.75,"DCN,LUM,ADH1B,MGP,FBLN1,C1S,MFAP4,RARRES2,C7,PTGDS",alveolar fibroblast,,,fibroblast
2382,Lung,5,0.75,"CCL21,MMRN1,PROX1,SEMA3D,FOXC2,SCN3B,GPR182,RELN,HOXD9,STAB2",endothelial cell of lymphatic vessel,endothelial cell of lymphatic vessel,CL:0002138,lymphatic endothelial cell
2383,Lung,5,0.75,"MYH11,PPP1R14A,ACTG2,CRYAB,DES,LMOD1,CNN1,PLAC9,CARMN,PLN",bronchial smooth muscle cell,bronchial smooth muscle cell,CL:0002598,smooth muscle cell
2384,Lung,5,0.75,"AL139020.1,PLD4,MZB1,LILRA4,SCT,SPIB,CLEC4C,LAMP5,FAM129C,AL357143.1",plasmacytoid dendritic cell,plasmacytoid dendritic cell,CL:0000784,not_identifiable
2385,Lung,5,0.75,"SCGB3A2,CYP2B7P,CEACAM6,WFDC2,FOLR1,GPRC5A,NEDD4L,PIGR,ELF3,SFTPB",club cell,club cell,CL:0000158,club cell
2386,Lung,5,0.75,"ACKR1,SPARCL1,VWF,PLVAP,IGFBP7,NPDC1,CLDN5,LIFR,C7,CLU",lung microvascular endothelial cell,lung microvascular endothelial cell,CL:2000016,endothelial cell
2387,Lung,5,0.75,"PPP1R14A,CCN5,BGN,MYH11,PDGFRB,COX4I2,C2orf40,PRELP,LMOD1,GJA4",vascular associated smooth muscle cell,vascular associated smooth muscle cell,CL:0000359,vascular smooth muscle cell
2388,Lung,5,0.75,"AC005821.1,LRRC38,MKRN9P,KCTD8,RSPO1,GPR1,SYT4,PLPPR4,LINC01902,FABP7",myofibroblast cell,myofibroblast cell,CL:0000186,pulmonary alveolar type 2 cell
2389,Lung,5,0.75,"COX4I2,TPM2,BGN,PDGFRB,HIGD1B,PPP1R14A,INMT,KCNK3,RGN,NDUFA4L2",pericyte cell,pericyte,CL:0000669,pulmonary fibroblast
2390,Lung,5,0.75,"ITLN1,PRG4,HAS1,CPB1,BCHE,VIPR2,BNC1,SYT4,ROR2,RSPO1",mesothelial cell,mesothelial cell,CL:0000077,goblet cell
2391,Lung,5,0.75,"AC009269.2,SCN7A,BMP5,AL135910.1,SGIP1,CARMN,CACNA1C,COL1A2,ABCA6,TARID",fibroblast,fibroblast,CL:0000057,mixture of cell types
2392,Lung,5,0.75,"FCN1,RNASE2,CD300E,VCAN,FGL2,LILRB2,MPEG1,CORO1A,LILRA1,AIF1",intermediate monocyte,intermediate monocyte,CL:0002393,nonclassical monocyte
2393,Lung,5,0.75,"ASCL3,CEL,HEPACAM2,ATP6V1G3,CLCNKB,CLNK,LINC01187,TMPRSS11E,PROX1,DGKI",pulmonary ionocyte,pulmonary ionocyte,CL:0017000,cell_type_name
2394,Lung,5,1.0,"ARHGEF26,GPRC5A,GENE32,LAMA3,GENE15,EMP2,GENE6,AGER,GENE24,GENE80,GENE10,DST,GENE91,GENE96,GENE2,LMO7,GENE36,RTKN2,SPOCK2,SCEL",Alveolar Epithelial Type 1,type I pneumocyte,CL:0002062,pulmonary alveolar type 1 cell
2395,Lung,5,1.0,"MS4A1,GENE61,GENE43,GENE53,GENE95,CD79A,BANK1,CD22,VPREB3,CD79B,GENE20,GENE21,LINC00926,BLK,GENE72,GENE3,SP140,GENE44,ADAM28,GENE41",B,B cell,CL:0000236,B cell
2396,Lung,5,1.0,"GENE75,GENE15,KRT15,GENE20,GENE64,KRT19,GENE13,CLDN1,GENE45,GENE78,GENE54,GENE10,KRT5,FHL2,DST,KRT17,ITGA2,S100A2,GENE66,PERP",Basal,basal cell,CL:0000646,basal epithelial cell
2397,Lung,5,1.0,"GENE1,GENE90,GENE43,GENE16,CD300E,CSF3R,S100A8,METTL9,GENE89,CD99,FCN1,GENE22,CTSS,GENE78,VCAN,GENE49,S100A12,GENE31,S100A9,GENE37",CD14+ Monocyte,CD14-positive monocyte,CL:0001054,neutrophil
2398,Lung,5,1.0,"MALAT1,TRAT1,MAL,BCL11B,GENE18,IL7R,ITK,CD2,GENE45,GENE47,GENE78,CD6,GENE69,GENE56,CAMK4,GENE76,GENE37,LEF1,GENE81,GENE73",CD4 T,"CD4-positive, alpha-beta T cell",CL:0000624,cd8+ mem/eff t cell
2399,Lung,5,1.0,"CAPS,ZMYND10,SNTN,GENE16,GENE51,FAM92B,GENE95,GENE6,FANK1,GENE50,GENE62,DNAH6,GENE80,GENE17,RSPH1,GENE42,CDHR3,GENE38,C20orf85,CCDC170",Ciliated,ciliated cell,CL:0000064,goblet cell
2400,Lung,5,1.0,"FCGR2B,HLA-DPB1,GENE51,CLEC10A,GENE18,GENE12,GENE6,GENE64,MS4A6A,GENE57,GENE93,HLA-DQA1,CSF2RA,GENE10,GPR183,GENE76,HLA-DMB,FPR3,RGS1,GENE41",Dendritic,dendritic cell,CL:0000451,nonclassical monocyte
2401,Lung,5,1.0,"GENE9,C1S,LUM,ABLIM1,GENE98,GENE43,GENE58,C3,C1R,GENE18,GENE20,FBLN1,DCN,GENE42,GENE38,SLIT2,GENE31,CFD,GENE92,ADH1B",Fibroblast,fibroblast,CL:0000057,Fibroblast
2402,Lung,5,1.0,"GENE98,CCL21,GENE40,GENE34,IGFBP7,MMRN1,GENE53,GENE63,GENE12,PPFIBP1,GENE22,GENE79,PKHD1L1,PROX1,GENE29,TFPI,TFF3,TIMP3,TBX1,GENE73",Lymphatic,,,Lymphatic Endothelial Cells
2403,Lung,5,1.0,"GENE1,C1QA,GENE34,ITGAX,MARCO,APOC1,GENE100,SLCO2B1,GENE6,C1QB,GENE57,GENE71,GENE96,GENE49,OLR1,VSIG4,ACP5,GPD1,GENE23,GENE73",Macrophage,macrophage,CL:0000235,neutrophil
2404,Lung,5,1.0,"KLRF1,GENE8,SPON2,GENE16,GENE58,GZMB,FCGR3A,NKG7,GENE20,GENE93,GENE87,PYHIN1,GENE2,KLRD1,PRF1,CD247,GNLY,GENE66,GENE36,GENE55",Natural Killer,natural killer cell,CL:0000623,natural killer cell
2405,Lung,5,1.0,"GENE39,HSP90B1,PRDX4,GENE100,SSR4,POU2AF1,GENE18,MZB1,DERL3,MANF,GENE65,GENE29,GENE76,GENE74,GENE2,XBP1,TNFRSF17,GENE37,GENE48,SEC11C",Plasma,plasma cell,CL:0000786,Plasma cells
2406,Lung,5,1.0,"GENE9,GENE61,SLC34A2,SFTPC,ABCA3,SFTPA1,SFTPD,SFTPA2,LAMP3,NAPSA,GENE20,GENE64,LPCAT1,GENE50,GENE93,GENE29,GENE38,GENE21,SFTPB,GENE73",Alveolar Epithelial Type 2,type II pneumocyte,CL:0002063,alveolar type II cell
2407,Lung,5,1.0,"GENE94,HPGDS,GENE98,HDC,GENE70,TPSAB1,GATA2,VWA5A,CPA3,GENE12,GENE13,KIT,GENE78,GRAP2,CD44,GENE5,GENE76,GENE74,GENE36,MS4A2",Basophil/Mast,"basophil,mast cell","CL:0000767,CL:0000097",mast cell
2408,Lung,5,1.0,"LST1,AIF1,GENE43,GENE51,GENE89,COTL1,RPS19,FCGR3A,GENE64,FCN1,LILRB2,GENE35,GENE96,GENE2,GENE38,GENE14,GENE4,IFITM2,SAT1,RHOC",CD16+ Monocyte,,,nonclassical monocyte
2409,Lung,5,1.0,"GENE7,NOSTRIN,FCN3,FLNB,GENE16,RAMP3,GENE12,CD81,GENE50,PODXL,CDH5,GENE93,BTNL9,GENE10,GENE11,CDC42EP1,GENE3,GENE72,EPAS1,GENE73",Capillary,,,endothelial cell of artery
2410,Lung,5,1.0,"GENE61,CD8A,GZMA,NKG7,GENE47,CD3D,GENE52,GENE57,CD3G,CD8B,GENE56,GENE17,GENE4,GZMH,GENE72,GENE37,GENE44,CCL5,RPL34,RPS27",CD8 T,"CD8-positive, alpha-beta T cell",CL:0000625,T cell
2411,Lung,5,1.0,"GENE1,GENE26,SCGB3A2,DSTN,GENE86,GENE34,CEACAM6,WFDC2,CTSE,C16orf89,GENE50,GENE35,KIAA1324,GENE84,PIGR,GENE4,GENE97,CYB5A,SFTPB,GENE83",Club,club cell,CL:0000158,goblet cell
2412,Lung,5,1.0,"GENE8,GENE30,GENE61,BGN,GENE88,ITGBL1,POSTN,COL1A1,GENE6,GENE50,GENE47,GENE79,ASPN,COL6A3,LTBP1,GENE93,GENE96,CALD1,COL3A1,COL1A2",Myofibroblast,myofibroblast cell,CL:0000186,fibroblast
2413,Lung,5,1.0,"GENE32,PLD4,GENE77,SEC61B,GENE53,GENE100,PTPRE,GZMB,GENE15,PPP1R14B,GENE64,IRF7,TYROBP,GENE5,GENE29,GENE42,NPC2,GENE59,IL3RA,IRF4",Plasmacytoid Dendritic,plasmacytoid dendritic cell,CL:0000784,natural killer t cell
2414,Lung,5,1.0,"TPX2,GENE30,GENE32,BIRC5,STMN1,TYMS,CDK1,GENE20,GENE13,GENE50,GENE11,KPNA2,GENE87,H2AFZ,GENE31,NUSAP1,UBE2C,GENE25,ANLN,GENE60",Proliferating Macrophage,,,proliferating_cell
2415,Lung,5,1.0,"GENE39,GENE90,GENE75,BIRC5,SMC4,GENE46,HMGB2,GENE22,GENE52,GENE62,GENE69,H2AFV,GENE5,GENE49,NUSAP1,KIF2C,UBE2C,AURKB,CENPF,TOP2A",Proliferating NK/T,,,Answer not available due to lack of specific marker context
2416,Lung,5,1.0,"GENE94,GENE40,VWF,PLVAP,GENE16,GENE63,POSTN,GENE18,EMCN,GENE22,GENE78,ZNF385D,ENPP2,INHBB,SPRY1,GENE21,GENE37,GENE44,COL15A1,SPARCL1",Bronchial Vessel,,,endothelial cell
2417,Lung,5,1.0,"GENE94,GENE30,GENE27,SCGB1A1,GENE32,GENE88,SLPI,LCN2,WFDC2,MUC5B,GENE53,GENE20,GENE52,GENE35,SAA1,SCGB3A1,GENE31,BPIFB1,MSMB,RARRES1",Mucous,,,goblet cell
2418,Lung,5,1.0,"GENE39,GENE61,GENE90,GENE34,TGM2,VWF,SLCO2A1,CPE,GENE20,PTPRB,GENE80,PLA1A,GENE74,GENE97,GENE66,GENE44,LIFR,SELP,SRPX,PRSS23",Vein,,,pulmonary alveolar type 2 cell
2419,Lung,5,1.0,"COL4A2,GENE61,GENE40,COL4A1,GENE28,GENE82,TACC1,GENE64,GENE13,CHN1,GENE78,PDGFRB,LAMC3,CALD1,GENE66,GENE72,GENE44,LAMB1,COX4I2,NID1",Pericyte,pericyte,CL:0000669,pulmonary alveolar type 2 cell
2420,Lung,5,1.0,"TPM2,GENE98,DSTN,GENE86,GENE34,DES,GENE13,GENE47,PLN,GENE57,GENE96,GENE91,GENE85,ACTA2,GENE2,CNN1,CALD1,CSRP1,MYH11,MYL9",Smooth Muscle,smooth muscle cell,CL:0000192,smooth muscle cell
2421,Lung,5,1.0,"GENE30,GENE68,GJA5,HEY1,ARGLU1,PTPRB,GENE78,GENE69,FBLN5,SEMA3G,GENE24,GENE84,GENE2,DKK2,GENE44,GENE60,GENE92,EFNB2,BMX,EPAS1",Artery,,,endothelial cell of artery
2422,Lung,5,1.0,"GENE94,GENE30,EDNRB,CYP3A5,GENE18,TBX2,EMCN,GENE47,CLDN5,STXBP6,GENE71,GENE91,GENE84,GENE2,GENE14,GENE4,SOSTDC1,HPGD,APP,ESAM",Capillary Aerocyte,,,endothelial cell
2423,Lung,5,1.0,"GENE33,GENE32,SRSF11,IPO7,VAT1,GENE63,RALA,GENE35,GALNT18,GENE56,GENE5,GENE71,GENE76,GENE97,WWTR1,GENE21,SH3BP5,PECAM1,ACVRL1,EPAS1",Capillary Intermediate,,,endothelial cell of artery
2424,Lung,5,1.0,"CCDC71L,GENE70,GENE88,HAS1,C3,GENE18,CPXM1,GENE46,FGF7,STEAP1,OSR1,GENE29,GENE96,GENE76,C7,GENE21,WT1,MEDAG,GENE81,GENE23",Lipofibroblast,alveolar type 1 fibroblast cell,CL:4028004,Alveolar Epithelial Cells
2425,Lung,5,1.0,"GALNT9,GENE98,ITLN1,GENE43,SLPI,GENE100,GENE15,GENE89,C3,DSC3,ALDH1A3,GENE78,MGARP,DMKN,GENE17,GENE96,GENE14,PRG4,WT1,GENE48",Mesothelial,mesothelial cell,CL:0000077,goblet cell
2426,Lung,5,1.0,"GENE30,GENE43,GP6,GENE82,CMTM5,GENE89,ITGA2B,CABP5,PF4,GENE20,GRAP2,GENE71,GENE97,TMEM40,GP9,GENE59,TUBB1,ACRBP,GENE99,GENE73",Platelet/Megakaryocyte,"platelet,megakaryocyte","CL:0000233,CL:0000556",platelet
2427,Lung,5,1.0,"GENE1,S100A6,GENE43,CD7,LGALS1,CEBPB,CD2,GENE52,GENE78,CTSW,GENE54,GENE17,GENE91,GENE85,CXCR4,GENE2,GNLY,GENE36,CCL5,ZFP36L2",Natural Killer T,,,neutrophil
2428,Lung,5,1.0,"CLU,GENE30,GENE34,GENE32,HSPB3,GENE16,CST5,GENE12,IGF1,GENE13,GENE65,FAM150A,GENE85,CNN1,GENE21,GENE66,MET,RAMP1,CSRP1,SCX",Fibromyocyte,,,smooth muscle cell
2429,Lung,5,1.0,"COX5A,GENE68,WFDC2,GENE16,PSCA,TXN,FAM3D,CXCL17,GENE62,GENE93,AGR2,GENE87,GENE96,GABRP,CLIC1,GENE59,S100P,GENE44,GENE92,GENE81",Goblet,goblet cell,CL:0000160,mixture of cell types
2430,Lung,5,1.0,"TMPRSS11E,GENE98,GENE27,GENE33,GENE86,STAC2,ASCL3,BSND,GENE56,GENE17,HEPACAM2,GENE91,GENE38,MFSD6L,TFF3,PHGR1,FOXI1,GENE23,ATP6V1B1,GENE73",Ionocyte,ionocyte,CL:0005006,ciliated cell
2431,Lung,5,1.0,"GENE1,GENE39,FAM46A,GENE34,NENF,GENE28,GENE77,BEX1,PCSK1N,EGR1,GENE89,PRDX2,CPE,GENE46,GENE50,GENE11,GENE10,CHGA,SCGN,SEC11C",Neuroendocrine,neuroendocrine cell,CL:0000165,Neuroendocrine cells
2432,Lung,5,1.0,"GENE26,LPO,GENE8,LYZ,GENE33,GENE70,ZG16B,PRH2,GENE51,GENE73,PRB4,TESC,GENE29,GENE17,GENE85,PRR4,TCN1,PRB3,PHB,GENE41",Serous,serous secreting cell,CL:0000313,goblet cell
2433,Lung,5,1.0,"GENE19,GENE8,LYZ,GENE61,GENE40,C1QA,AIF1,CTSZ,FCER1G,GENE12,C1QC,C1QB,LAPTM5,GENE80,GENE91,GENE42,GENE97,CTSL,GENE72,HLA-DRB1",Macrophages,macrophage,CL:0000235,neutrophil
2434,Lung,5,1.0,"CST7,GENE88,GZMA,CD7,GZMB,GENE89,NKG7,GENE20,GENE50,GENE52,GENE54,CTSW,GENE24,GENE85,GENE38,CCL4,PRF1,GENE59,GNLY,CCL5",Innate lymphoid cell NK,natural killer cell,CL:0000623,natural killer cell
2435,Lung,5,1.0,"GENE1,SLC34A2,SFTPD,GENE75,GENE43,S100A14,GENE15,GENE12,NAPSA,MUC1,SFTA3,GENE45,SFTA2,SLC39A8,GENE5,GENE71,GENE76,PEBP4,CYB5A,GENE44",AT2,type II pneumocyte,CL:0002063,alveolar epithelial cell type II
2436,Lung,5,1.0,"GENE1,GENE40,IGFBP7,VWF,GENE43,GENE63,RAMP3,GENE65,GENE79,GENE93,GENE87,GENE29,CLEC14A,ACKR1,MGP,RAMP2,GNG11,PECAM1,SPARCL1,GENE73",EC venous,vein endothelial cell,CL:0002543,endothelial cell
2437,Lung,5,1.0,"GENE1,GENE7,GENE61,GENE98,GENE68,GENE40,GENE90,IL32,CORO1A,GENE82,TRAC,CD3E,CD2,CD3D,GENE74,CXCR4,CD69,CCL5,GENE48,TRBC2",T cell lineage,T cell,CL:0000084,mixture of immune cells
2438,Lung,5,1.0,"GENE68,IFI27,GENE43,GIMAP7,GENE63,GENE47,TM4SF1,CLDN5,GENE24,GENE5,CRIP2,GENE74,GENE14,GENE59,CLEC14A,SOX17,A2M,PECAM1,SPARCL1,GENE23",EC arterial,endothelial cell of artery,CL:1000413,endothelial cell of artery
2439,Lung,5,1.0,"C1S,LUM,BGN,IGFBP7,SPARC,GENE95,GENE13,GENE57,GENE93,GENE71,DCN,GENE42,GENE2,CALD1,GENE72,MGP,GENE37,COL6A1,COL1A2,GENE41",Fibroblasts,fibroblast,CL:0000057,fibroblast
2440,Lung,5,1.0,"GENE26,GENE19,CEACAM6,ADIRF,GENE43,HOPX,GENE53,EMP2,FXYD3,CAV1,GENE22,GENE54,AGER,GENE93,SFTA2,GENE76,GENE25,GENE81,KRT7,TSPAN13",AT1,type I pneumocyte,CL:0002062,pulmonary alveolar type 2 cell
2441,Lung,5,1.0,"GENE7,FAM229B,GENE86,RP11-295M3.4,GENE32,GENE28,SNTN,GENE16,GENE51,C12orf75,GENE18,TMEM231,GENE62,GENE78,GSTA1,GENE69,RP11-356K23.1,CD24,C11orf97,C5orf49",Multiciliated lineage,multi-ciliated epithelial cell,CL:0005012,Ciliated Cells
2442,Lung,5,1.0,"MS4A1,GENE27,IGLC2,GENE70,CORO1A,GENE100,GENE58,LTB,IGHA1,CD79A,ISG20,GENE50,GENE42,GENE84,GENE85,GENE4,TSC22D3,IGKC,GENE23,CD37",B cell lineage,B cell,CL:0000236,B cell
2443,Lung,5,1.0,"GENE27,CEACAM6,WFDC2,CP,GENE12,TACSTD2,MUC1,GENE64,KRT19,CXCL17,GENE62,GENE56,PIGR,GENE49,GENE14,GENE21,GENE66,BPIFB1,KRT7,GENE73",Secretory,secretory cell,CL:0000151,pulmonary alveolar type 2 cell
2444,Lung,5,1.0,"LST1,AIF1,GENE28,GENE16,GENE51,S100A8,FCER1G,COTL1,GENE46,FCN1,GENE84,VCAN,S100A12,GENE14,GENE97,GENE59,CD14,S100A9,GENE25,GENE41",Monocytes,monocyte,CL:0000576,neutrophil
2445,Lung,5,1.0,"GENE9,ZG16B,CCL28,GENE15,LTF,PIP,GENE47,GENE79,MARCKSL1,GENE56,PIGR,GENE85,TCN1,SELM,GENE72,GENE25,GENE92,GENE81,SEC11C,AZGP1",Submucosal Secretory,,,unclear_cell_type
2446,Lung,5,1.0,"GENE19,AQP1,GENE86,GENE34,IFI27,GENE82,GENE100,GENE6,GENE64,TM4SF1,CLDN5,GENE67,CDH5,GENE24,EGFL7,HYAL2,CLEC14A,GENE48,PECAM1,SPARCL1",EC capillary,capillary endothelial cell,CL:0002144,endothelial cell
2447,Lung,5,1.0,"SDPR,GENE39,GENE61,CCL21,ECSCR,IGFBP7,MMRN1,GENE53,PPFIBP1,GENE64,TM4SF1,CLDN5,GENE67,GENE87,GENE21,RAMP2,GENE37,GENE60,GNG11,GENE83",Lymphatic EC mature,,,endothelial cell of artery
2448,Lung,5,1.0,"SDPR,TCF4,CCL21,IGFBP7,GENE43,GENE82,GENE63,AKAP12,GENE50,CLDN5,GENE35,GENE78,GENE74,TFPI,TFF3,GENE66,GNG11,GENE48,TIMP3,GENE81",Lymphatic EC differentiating,,,pulmonary alveolar type 2 cell
2449,Lung,5,1.0,"GENE1,HLA-DQB1,GENE30,GENE98,GENE90,GENE70,HLA-DPB1,GENE28,CORO1A,MS4A6A,GENE47,HLA-DQA1,ITGB2,GPR183,GENE17,GENE42,GENE72,HLA-DPA1,HLA-DRB1,HLA-DMA",Dendritic cells,dendritic cell,CL:0000451,mast cell
2450,Lung,5,1.0,"TPM2,GENE68,GENE40,CTGF,GENE88,GENE51,CYR61,GPX3,IGFBP5,GENE87,GENE14,TAGLN,GENE59,CALD1,GENE3,GENE37,MT1X,GENE48,SPARCL1,PRELP",Myofibroblasts,myofibroblast cell,CL:0000186,mesenchymal cell
2451,Lung,5,1.0,"GENE8,GENE30,HPGDS,GENE88,GENE28,GENE77,TPSAB1,GATA2,GENE58,VWA5A,C1orf186,CPA3,TPSB2,GENE64,KIT,GENE78,GENE67,GENE80,RGS13,MS4A2",Mast cells,mast cell,CL:0000097,mast cell
2452,Lung,5,1.0,"TPM2,GENE27,GENE40,IGFBP7,ACTG2,GENE16,NEXN,GENE46,PPP1R14A,DES,PLN,GENE35,GENE93,GENE87,FLNA,GENE84,SELM,LMOD1,GENE99,GENE83",Fibromyocytes,,,smooth muscle cell
2453,Lung,5,1.0,"GENE98,GENE27,ECSCR,GENE32,COX20,EID1,TUBB,ARPC1A,GENE95,GENE62,GENE52,GENE11,HMGN1,GENE96,GENE49,LSM2,HMGN2,S100A16,GENE48,MARCKS",Lymphatic EC proliferating,,,neutrophil
2454,Lung,5,1.0,"GENE1,GENE7,GENE94,GENE61,GENE40,MMRN1,SEMA3A,GENE88,GENE77,FBXL7,TSHZ2,PPFIBP1,GENE6,GENE87,PKHD1L1,KALRN,CD36,GENE2,LDB2,ST6GALNAC3",Endothelial cell (lymphatic),endothelial cell of lymphatic vessel,CL:0002138,Alveolar Type I Cells
2455,Lung,5,1.0,"GENE86,NCKAP5,KHDRBS2,LAMA3,GENE63,GENE58,EMP2,GENE18,GENE46,GENE54,GENE80,GENE74,LIMCH1,GENE4,ST6GALNAC5,LMO7,RAB11FIP1,GENE36,RBMS3,NTM",Epithelial cell (alveolar type I),type I pneumocyte,CL:0002062,Alveolar Type I Cells
2456,Lung,5,1.0,"MACROD2,GENE8,GENE90,SFTPC,ABCA3,ANK3,PDE4D,ZNF385B,LRRK2,ERBB4,AUTS2,GENE54,GENE71,GENE96,GENE84,GENE85,GENE72,SFTPB,GENE99,GENE23",Epithelial cell (alveolar type II),type II pneumocyte,CL:0002063,alveolar epithelial cell type II
2457,Lung,5,1.0,"MACROD2,GENE98,GENE86,TP63,GLIS3,SSBP2,EYA2,XPR1,CACHD1,GENE79,GENE78,GENE57,GENE67,GENE35,GENE56,KRT17,GENE4,RBMS3,GENE81,FAF1",Epithelial cell (basal),basal cell,CL:0000646,Basal cell
2458,Lung,5,1.0,"GENE33,AGBL4,CFAP54,GENE100,GENE73,GENE12,LRRIQ1,C4orf22,TMEM232,DNAH12,DNAH7,GENE54,HYDIN,GENE74,CDHR3,GENE38,GENE21,STK33,GENE83,GENE41",Epithelial cell (ciliated),ciliated epithelial cell,CL:0000067,goblet cell
2459,Lung,5,1.0,"MACROD2,GENE19,SCGB3A2,GENE61,BMPR1B,CDK14,GENE18,GENE6,ERBB4,NEDD4L,GENE67,MECOM,GENE29,GENE49,GENE36,GENE72,KIAA1217,SFTPB,GENE81,KIAA1324",Epithelial cell (club),club cell,CL:0000158,alveolar epithelial cell
2460,Lung,5,1.0,"GENE9,GENE7,GENE8,GENE34,GENE63,FBXW7,PLCG2,ST6GAL1,RALGPS2,PDK1,GENE69,GENE85,FCHSD2,DENND5B,GENE44,CREB3L2,ARHGAP15,GENE81,GENE99,MEF2C",Immune (B cell),B cell,CL:0000236,Alveolar macrophage
2461,Lung,5,1.0,"GENE26,GENE1,PIP4K2A,GENE75,SKAP1,GENE64,GENE47,B2M,GENE69,GENE24,GENE56,PRKCH,KLRD1,GENE14,PARP8,AOAH,CD247,GENE72,FYN,ARHGAP15",Immune (NK cell),natural killer cell,CL:0000623,neutrophil
2462,Lung,5,1.0,"GENE39,GENE86,GENE34,PTPRC,SKAP1,GENE12,SYTL3,GENE6,ITK,THEMIS,PARP8,GENE66,FYN,FKBP5,GENE25,GENE92,ARHGAP15,GENE81,BCL2,GENE99",Immune (T cell),T cell,CL:0000084,mixed cell types
2463,Lung,5,1.0,"GENE39,GENE8,TFRC,GENE88,PLXDC2,MSR1,ZEB2,FMNL2,SLC11A1,GENE46,GENE64,DOCK8,GENE50,PPARG,RNF149,GENE10,GENE84,GENE97,GPCPD1,GENE36",Immune (alveolar macrophage),alveolar macrophage,CL:0000583,undetermined
2464,Lung,5,1.0,"GENE39,GENE34,GENE32,SLC24A3,SRGN,GENE43,TPSAB1,SAMSN1,TPSB2,SYTL3,GENE64,KIT,GENE93,IL18R1,FER,GENE5,GENE56,GENE76,GENE21,ARHGAP15",Immune (mast cell),mast cell,CL:0000097,mast cell
2465,Lung,5,1.0,"GENE39,GENE33,GENE90,GENE77,EBF1,GENE35,GENE24,GENE80,GENE71,PRKG1,ACTA2,LPP,GENE31,GENE97,CALD1,INPP4B,CACNA1C,TPM1,DMD,MYH11",Pericyte/SMC,"pericyte,smooth muscle cell","CL:0000669,CL:0000192",smooth muscle cell
2466,Lung,5,1.0,"TCF4,GENE98,GENE27,CALCRL,PTPRM,PTPRB,GENE78,GENE57,GENE10,GENE5,GENE56,GENE87,GENE74,EGFL7,LDB2,ST6GALNAC3,TIMP3,PECAM1,EPAS1,GENE73",Endothelial cell (vascular),endothelial cell of vascular tree,CL:0002139,endothelial cell
2467,Lung,5,1.0,"GENE26,GENE39,GENE9,GENE94,GENE27,GENE68,GENE40,PLXDC2,GENE82,LAMA2,PLEKHH2,ARHGAP6,ROBO2,PRKG1,GENE85,SLIT2,GENE66,LSAMP,RBMS3,RORA",Fibroblast,fibroblast,CL:0000057,Alveolar Type II Cells
2468,Lung,5,1.0,"TBXAS1,GENE8,SRGN,PLXDC2,GENE53,ZEB2,GENE58,PIK3R5,SLC8A1,GENE22,GENE57,GENE67,CD74,GENE96,GENE42,GENE85,GENE76,FKBP5,CHST11,CTSB",Immune (DC/macrophage),"dendritic cell,macrophage","CL:0000451,CL:0000235",mast cell
2469,Lung,5,1.0,"GENE1,GENE34,GENE77,FOXO1,GHR,ADIPOQ,GENE18,PLIN1,EBF1,GENE64,GENE62,GENE52,PPARG,GENE93,GENE24,GENE2,ACSL1,PLIN2,LPIN1,G0S2",Adipocyte,fat cell,CL:0000136,adipocyte
2470,Lung,5,1.0,"AGER,EMP2,GENE37,GENE12,GENE29,GENE76,CAV1,PDPN,HOPX,GENE59",Alveolar Type I,type I pneumocyte,CL:0002062,alveolar epithelial cell type I
2471,Lung,5,1.0,"GENE1,NKX2-1,GENE79,SLC34A2,LAMP3,SFTPC,GENE87,GENE46,GENE48,SFTPB",Alveolar Type II,type II pneumocyte,CL:0002063,alveolar epithelial cell type II
2472,Lung,5,1.0,"GENE19,GENE89,CD24,GENE24,GENE10,CXCR3,CD1c,GENE6,FAS,CR2",B cell_memory,memory B cell,CL:0000787,uncharacterized_lung_cell
2473,Lung,5,1.0,"GENE82,GENE41,GENE66,TUBA1A,HYDIN,FAM92B,GENE80,FOXJ1,DNAH5,DNAI1,DNAI2,GENE38,CDHR3,GENE23,GENE31,GENE59",Ciliated Epithelial,ciliated epithelial cell,CL:0000067,goblet cell
2474,Lung,5,1.0,"GENE82,GENE50,SCGB3A2,GENE35,GENE72,GENE14,SCGB1A1,BPIFA1,GENE96,SCGB3A1,SLPI,MUC5B,GENE75,CYP2F2",Club Epithelial,club cell,CL:0000158,goblet cell
2475,Lung,5,1.0,"GENE7,GENE94,GENE27,GENE90,NEGR1,COL4A1,GENE32,GENE70,GENE77,GENE75,GENE43,GENE53,GENE82,GENE100,COL5A1,GENE12,COL1A1,IGFBP5,FBN1,VIM,COL5A2,IL33,GENE65,HGF,COL18A1,COL6A3,GENE24,GENE80,GENE56,FBLN1,DCN,GENE84,GENE96,GENE2,SLIT2,FN1,GENE4,DDR2,GENE97,CCN2,GENE36,IGFBP3,COL6A6,GENE37,IL6,COL3A1,COL6A1,COL1A2,COL6A2,GENE55",Fibroblast,fibroblast,CL:0000057,mesenchymal cell
2476,Lung,5,1.0,"GENE82,GENE100,RELN,GENE61,FLT4,GENE66,CCL21,GENE40,GENE33,MMRN1,PROX1,LYVE1",Lymphatic Endothelial,endothelial cell of lymphatic vessel,CL:0002138,Cannot Determine from Given Data
2477,Lung,5,1.0,"GENE26,GENE1,GENE9,GENE39,LYZ,GENE61,GENE98,GENE27,GENE33,C1QA,PTPRC,LYVE1,CD68,MSR1,GENE43,GENE53,GENE100,SLC11A1,MERTK,GENE89,GENE18,CPM,CD163,MS4A6A,GENE50,GENE62,GENE35,RBPJ,GENE93,GENE67,MS4A4A,CD74,GENE87,GENE17,CD36,MR1,CSF1R,MRC1",Macrophage,macrophage,CL:0000235,macrophage
2478,Lung,5,1.0,"KIT,GENE6,HDC,GENE11,GENE12,GENE95,TPSB2,CD69,FCER1A,GENE46,GENE43,TPSAB1",Mast Cell,mast cell,CL:0000097,mast cell
2479,Lung,5,1.0,"MYO1B,GENE78,GENE61,CSPG4,GENE24,GENE69,MCAM,GENE60,GENE5,ACTA2,GENE6,GENE38,ANPEP,GENE4,DES,PDGFRB",Pericyte,pericyte,CL:0000669,pericyte
2480,Lung,5,1.0,"GENE9,MYOCD,GENE88,GENE77,SMTN,ACTG2,GUCY1A3,MYL9,GENE16,GENE51,GENE12,PALLD,ACTN1,VCL,DES,GENE62,GENE54,GENE57,GENE29,GENE84,GUCY1B3,ACTA2,CNN1,TAGLN,GENE44,GENE81,MYH11,GENE41",Smooth Muscle,smooth muscle cell,CL:0000192,smooth muscle cell
2481,Lung,5,1.0,"GENE30,PTPRC,GENE77,SKAP1,GENE12,NKG7,TRAC,IL7R,CD3E,CD96,THEMIS,GENE45,CD3D,GENE52,GENE79,GENE54,CD3G,GENE10,GENE5,GENE29,GENE71,CD247,TRBC1,GENE92,CD69,GENE81",T cell,T cell,CL:0000084,T cell
2482,Lung,5,1.0,"GENE26,GENE9,NOSTRIN,VWF,GENE28,EPHB4,RAMP3,GENE20,PTPRB,GENE45,GENE65,CLDN5,GENE5,GENE71,GENE85,BACE2,CD300LG,LDB2,PECAM1,GENE99",Vascular Endothelial,endothelial cell of vascular tree,CL:0002139,endothelial cell
2483,Lung,5,1.0,"GENE73,NAPSA,SFTPA1,SFTPA2,SFTPD,SFTA2,SFTPB,SLC34A2,PGC,HOPX,MUC1",type ii pneumocyte,type II pneumocyte,CL:0002063,type II alveolar cells
2484,Lung,5,1.0,"GENE52,IL1R2,S100A12,FCGR3B,CXCR2,MTND5P32,PROK2,CD177,MMP25,OLAH,MGAM",neutrophil,neutrophil,CL:0000775,nonclassical monocyte
2485,Lung,5,1.0,"IL7R,IL32,CD3D,CD69,CD3E,TRAC,CXCR4,CD2,CD3G,TRBC2,GENE16","cd4-positive, alpha-beta t cell","CD4-positive, alpha-beta T cell",CL:0000624,T lymphocyte
2486,Lung,5,1.0,"GENE33,CCL5,GZMA,IL32,CCL4,NKG7,CD3D,CD2,KLRD1,CD3E,GNLY","cd8-positive, alpha-beta t cell","CD8-positive, alpha-beta T cell",CL:0000625,intermediate monocyte
2487,Lung,5,1.0,"GENE28,GNLY,KLRD1,GZMB,PRF1,GZMA,FGFBP2,CST7,CD247,KLRF1,KLRB1",nk cell,natural killer cell,CL:0000623,natural killer cell
2488,Lung,5,1.0,"GENE82,RBP5,SELE,CCL14,ZNF385D,CYTL1,POSTN,PLVAP,ADAMTS4,NEURL1B,EXOC3L2",bronchial vessel endothelial cell,,,mixture of cell types
2489,Lung,5,1.0,"GENE38,ACTG2,DES,ADRA2C,FOXC2,CNN1,JPH2,MYH11,CCN5,HSPB6,AC100803.2",smooth muscle cell,smooth muscle cell,CL:0000192,smooth muscle cell
2490,Lung,5,1.0,"GENE81,DCN,IGFBP6,FBLN1,PLA2G2A,C1S,MFAP4,MFAP5,C1R,SERPINF1,MGP",adventitial cell,adventitial cell,CL:0002503,fibroblast
2491,Lung,5,1.0,"C1QA,MARCO,ACP5,MS4A7,APOC1,C1QB,MRC1,APOE,VSIG4,FABP4,GENE33",macrophage,macrophage,CL:0000235,macrophage
2492,Lung,5,1.0,"TPSB2,TPSAB1,CPA3,MS4A2,RHEX,HPGDS,KIT,CD69,GATA2,VWA5A,GENE81",basophil,basophil,CL:0000767,mast cell
2493,Lung,5,1.0,"S100A8,VCAN,FCN1,S100A12,S100A9,MNDA,FGL2,COTL1,CD300E,VSIR,GENE39",classical monocyte,classical monocyte,CL:0000860,neutrophil
2494,Lung,5,1.0,"PTPRB,CXCL12,GJA5,DKK2,NPR3,SERPINE2,SSTR1,NOS1,SOX17,MMRN2,GENE72",endothelial cell of artery,endothelial cell of artery,CL:1000413,endothelial cell
2495,Lung,5,1.0,"CAPS,TMEM190,C20orf85,C9orf24,TPPP3,RSPH1,C11orf88,C1orf194,PIFO,TSPAN1,GENE60",lung ciliated cell,lung ciliated cell,CL:1000271,multiciliated epithelial cell
2496,Lung,5,1.0,"GENE19,FCER1A,CD1C,GPR183,S100B,CLEC10A,CD1E,FCGR2B,PKIB,CST7,CLEC5A",dendritic cell,dendritic cell,CL:0000451,undefined_macrophage_dendritic_like
2497,Lung,5,1.0,"GENE71,BPIFB1,LCN2,SCGB1A1,MSMB,SCGB3A1,WFDC2,TFF3,CP,SERPINB3,TSPAN1",respiratory goblet cell,respiratory goblet cell,CL:0002370,pulmonary alveolar type 2 cell
2498,Lung,5,1.0,"GENE42,S100A2,MIR205HG,KRT5,KRT15,KRT19,KRT17,ALDH3A1,PERP,TACSTD2,IGFBP2",basal cell,basal cell,CL:0000646,basal cell
2499,Lung,5,1.0,"GENE19,JCHAIN,MZB1,IGHG3,DERL3,IGHG2,CD79A,IGHG4,IGHA2,TNFRSF17,SPAG4",plasma cell,plasma cell,CL:0000786,natural killer t cell
