,Unnamed: 0.1,Unnamed: 0,dataset,tissue,marker,manual_annotation,manual_CLname,manual_CLID,manual_broadtype,gpt-4-0613_annotation,gpt-4-turbo-2024-04-09_annotation,gpt-4o-2024-08-06_annotation,gpt-4o-mini-2024-07-18_annotation,gpt-4-0613_CLname,gpt-4-0613_CLID,gpt-4-turbo-2024-04-09_CLname,gpt-4-turbo-2024-04-09_CLID,gpt-4o-2024-08-06_CLname,gpt-4o-2024-08-06_CLID,gpt-4o-mini-2024-07-18_CLname,gpt-4o-mini-2024-07-18_CLID,gpt-4o-2024-08-06_aggrement_modified,gpt-4o-2024-08-06_aggrement_modified_new,gpt-4o-2024-08-06_clid,gpt-4o-2024-08-06_clname,manual_clid,manual_clname,gpt-4o-mini-2024-07-18_aggrement_modified,gpt-4o-mini-2024-07-18_aggrement_modified_new,gpt-4o-mini-2024-07-18_clid,gpt-4o-mini-2024-07-18_clname,gpt-4-0613_aggrement_modified,gpt-4-0613_aggrement_modified_new,gpt-4-0613_clid,gpt-4-0613_clname,gpt-4-turbo-2024-04-09_aggrement_modified,gpt-4-turbo-2024-04-09_aggrement_modified_new,gpt-4-turbo-2024-04-09_clid,gpt-4-turbo-2024-04-09_clname
0,0,0,GOSH,neuroblastoma tissue,"LIM2,FGFBP2,KLRF1,NCR1,SPON2,LRRC43,S1PR5,SH2D1B,DTHD1,SLC1A7,PRF1,KLRC1,KRT72,B3GNT7,GNLY,MYOM2,LGALS9B,KIR2DL3,CLIC3,LGR6",natural killer cell,natural killer cell,CL:0000623,t/nk cell,"Neuroblast Cells, Natural Killer Cells",Natural Killer cells,Natural Killer cells,Neuroblastoma cells,natural killer cell,CL:0000623,natural killer cell,CL:0000623,natural killer cell,CL:0000623,cell,CL:0000000,0,1.0000,CL:0000623,natural killer cell,CL:0000623,natural killer cell,5,0.1250,CL:0000623,natural killer cell,0,1.0000,CL:0000623,natural killer cell,0,1.0000,CL:0000623,natural killer cell
1,1,1,GOSH,neuroblastoma tissue,"RP11-265P11.1,CTD-2215E18.1,LINC01013,RP11-524N5.1,IGHD,RP11-553K8.2,RP5-887A10.1,RP3-416J7.4,BEST3,RP11-693J15.5,GYLTL1B,RP3-431P23.5,LINC00926,FCER2,SLC23A1,TCL1B,CLLU1,MS4A1,COL19A1,RP11-164H13.1",B cell,B cell,CL:0000236,B cell,Neuroblast Cells,Cancer-associated fibroblasts,Undetermined,Neuroblastoma associated cells,forebrain neuroblast,CL:1000042,fibroblast,CL:0000057,,,neuron associated cell,CL:0000095,"{'CL:0000236': 0, 'CL:0000945': 1, 'GO:0019724': 1, 'CL:0000542': 2, 'CL:0000826': 2, 'GO:0002449': 2, 'GO:0002460': 2, 'CL:0000842': 3, 'PATO:0040072': 3, 'CL:0017500': 3, 'GO:0000792': 3, 'CL:0000051': 3, 'CL:0000838': 3, 'PR:000050567': 3, 'PR:000001903': 3, 'PR:000006611': 3, 'GO:0033152': 3, 'GO:0002443': 3, 'GO:0002250': 3, 'CL:0000226': 4, 'CL:0000738': 4, 'PATO:0001396': 4, 'GO:0005737': 4, 'PATO:0070046': 4, 'GO:0000785': 4, 'CL:0002032': 4, 'CL:0011026': 4, 'GO:0030098': 4, 'CL:0002031': 4, 'BFO:0000040': 4, 'PR:000000001': 4, 'CHEBI:36080': 4, 'GO:0016447': 4, 'GO:0033151': 4, 'GO:0002252': 4, 'NCBITaxon:7742': 4, 'GO:0006955': 4, 'NCBITaxon:33208': 4, 'CL:0000255': 5, 'CL:0002242': 5, 'PATO:0001407': 5, 'BFO:0000002': 5, 'CL:0000219': 5, 'CL:0000988': 5, 'GO:0001667': 5, 'UBERON:0002405': 5, 'CL:0000037': 5, 'PATO:0070044': 5, 'GO:0110165': 5, 'GO:0005622': 5, 'PATO:0070045': 5, 'GO:0005694': 5, 'CL:0008001': 5, 'PATO:0001401': 5, 'CL:0000837': 5, 'CL:0011115': 5, 'CL:0000034': 5, 'GO:0046649': 5, 'GO:1903131': 5, 'PATO:0001400': 5, 'PR:000018263': 5, 'GO:0006412': 5, 'GO:0002562': 5, 'GO:0016445': 5, 'GO:0002376': 5, 'NCBITaxon:89593': 5, 'GO:0050896': 5, 'NCBITaxon:33154': 5, 'CL:0000000': 6, 'NCBITaxon:2759': 6, 'PATO:0002505': 6, 'GO:0048870': 6, 'GO:0016477': 6, 'BFO:0000004': 6, 'UBERON:0015203': 6, 'UBERON:0000468': 6, 'UBERON:0000066': 6, 'CL:0000723': 6, 'GO:0002244': 6, 'PR:000001002': 6, 'PR:000001004': 6, 'PR:000001012': 6, 'PR:000001020': 6, 'PR:000001024': 6, 'PR:000001083': 6, 'PR:000001084': 6, 'PR:000001289': 6, 'PR:000001839': 6, 'PR:000001889': 6, 'PR:000002978': 6, 'PR:000002981': 6, 'CL:0000566': 6, 'PATO:0001241': 6, 'CARO:0000000': 6, 'GO:0005575': 6, 'UBERON:0000061': 6, 'GO:0043232': 6, 'PATO:0001397': 6, 'PATO:0001402': 6, 'PR:000001869': 6, 'PR:000001003': 6, 'GO:0030154': 6, 'GO:0017145': 6, 'GO:0045321': 6, 'GO:0002521': 6, 'CHEBI:50047': 6, 'CHEBI:33708': 6, 'GO:0009059': 6, 'GO:0019538': 6, 'GO:0006415': 6, 'GO:0006414': 6, 'GO:0010467': 6, 'GO:0006413': 6, 'GO:0002200': 6, 'GO:0016444': 6, 'GO:0002377': 6, 'GO:0008150': 6, 'NCBITaxon:7711': 6, 'GO:0005634': 7, 'NCBITaxon:131567': 7, 'PATO:0001404': 7, 'GO:0009987': 7, 'UBERON:0034923': 7, 'UBERON:0010000': 7, 'BFO:0000003': 7, 'UBERON:0000105': 7, 'UBERON:0000092': 7, 'UBERON:0000111': 7, 'UBERON:0000071': 7, 'GO:0048103': 7, 'GO:0030097': 7, 'PR:000001005': 7, 'PR:000001018': 7, 'PR:000001023': 7, 'PR:000002976': 7, 'PR:000029032': 7, 'CL:0000134': 7, 'PR:000001444': 7, 'PR:000002112': 7, 'PR:000016043': 7, 'PATO:0000001': 7, 'UBERON:0000465': 7, 'UBERON:0000106': 7, 'GO:0043228': 7, 'GO:0043229': 7, 'GO:0048869': 7, 'GO:0051301': 7, 'GO:0001775': 7, 'GO:0043170': 7, 'GO:0044249': 7, 'CHEBI:33694': 7, 'GO:0044238': 7, 'GO:0032984': 7, 'GO:0044237': 7, 'GO:0001677': 7, 'GO:0002520': 7, 'GO:0006310': 7, 'GO:0002440': 7, 'BFO:0000015': 7, 'NCBITaxon:33511': 7, 'GO:0043231': 8, 'NCBITaxon:1': 8, 'PATO:0010001': 8, 'PATO:0001993': 8, 'UBERON:0000000': 8, 'UBERON:0000104': 8, 'UBERON:0000068': 8, 'GO:0009791': 8, 'UBERON:0000110': 8, 'GO:0048513': 8, 'NCBITaxon:6072': 8, 'GO:0048468': 8, 'PR:000025796': 8, 'PR:000001022': 8, 'PR:000036194': 8, 'NCBITaxon:10090': 8, 'CL:0000048': 8, 'CL:0002320': 8, 'PR:000001327': 8, 'PR:000001971': 8, 'BFO:0000020': 8, 'UBERON:0001062': 8, 'GO:0043226': 8, 'GO:0032502': 8, 'GO:0032501': 8, 'GO:0008152': 8, 'GO:0009058': 8, 'GO:0022411': 8, 'GO:0043933': 8, 'GO:0032991': 8, 'GO:0022618': 8, 'GO:0044207': 8, 'GO:0048731': 8, 'GO:0006259': 8, 'NCBITaxon:33213': 8, 'GO:0043227': 9, 'PATO:0000141': 9, 'PATO:0001992': 9, 'GO:0009790': 9, 'GO:0007275': 9, 'UBERON:0000109': 9, 'GO:0001841': 9, 'GO:0048856': 9, 'NCBITaxon:862507': 9, 'UBERON:0002384': 9, 'UBERON:0003942': 9, 'GO:0016043': 9, 'GO:0065003': 9, 'GO:0071826': 9, 'GO:0022613': 9, 'GO:1990904': 9, 'UBERON:0000467': 9, 'CHEBI:16991': 9, 'GO:0016020': 10, 'PATO:0000051': 10, 'PATO:0001995': 10, 'UBERON:0000922': 10, 'UBERON:0000108': 10, 'GO:0007369': 10, 'GO:0001838': 10, 'GO:0021915': 10, 'UBERON:0001049': 10, 'NCBITaxon:10088': 10, 'UBERON:0000479': 10, 'UBERON:0001032': 10, 'GO:0019233': 10, 'GO:0050975': 10, 'GO:0071840': 10, 'GO:0022607': 10, 'GO:0044085': 10, 'CHEBI:33697': 10, 'UBERON:0000062': 10, 'UBERON:0000107': 11, 'GO:0048598': 11, 'GO:0001705': 11, 'GO:0001706': 11, 'GO:0001707': 11, 'GO:0072175': 11, 'GO:0016331': 11, 'GO:0035295': 11, 'GO:0060429': 11, 'GO:0007399': 11, 'GO:0043009': 11, 'UBERON:0003914': 11, 'UBERON:0005291': 11, 'UBERON:0010371': 11, 'UBERON:0016879': 11, 'UBERON:0005068': 11, 'NCBITaxon:39107': 11, 'GO:0031012': 11, 'GO:0007600': 11, 'UBERON:0001016': 11, 'UBERON:0004456': 11, 'GO:0050954': 11, 'UBERON:0006984': 11, 'GO:0040016': 12, 'GO:0009653': 12, 'GO:0001704': 12, 'GO:0007398': 12, 'UBERON:0000924': 12, 'GO:0007492': 12, 'UBERON:0000925': 12, 'GO:0048332': 12, 'UBERON:0000926': 12, 'GO:0035148': 12, 'GO:0060562': 12, 'GO:0002009': 12, 'UBERON:0000025': 12, 'GO:0009888': 12, 'UBERON:0000483': 12, 'GO:0009792': 12, 'UBERON:0002050': 12, 'UBERON:0004121': 12, 'CL:0002077': 12, 'UBERON:0006598': 12, 'UBERON:0016880': 12, 'UBERON:0002346': 12, 'UBERON:0001017': 12, 'UBERON:0007135': 12, 'NCBITaxon:10066': 12, 'GO:0030312': 12, 'GO:0050877': 12, 'CL:0000540': 12, 'CL:0002319': 12, 'UBERON:0010199': 12, 'GO:0048646': 13, 'UBERON:0000923': 13, 'CL:0000221': 13, 'UBERON:0006601': 13, 'CL:0000223': 13, 'UBERON:0006595': 13, 'GO:0048729': 13, 'GO:0007498': 13, 'CL:0000222': 13, 'UBERON:0006603': 13, 'GO:0035239': 13, 'UBERON:0004111': 13, 'UBERON:0013522': 13, 'PATO:0002299': 13, 'GO:0005911': 13, 'UBERON:0005769': 13, 'CL:0000066': 13, 'UBERON:0005423': 13, 'CL:0000133': 13, 'UBERON:0011216': 13, 'UBERON:0003075': 13, 'NCBITaxon:337687': 13, 'GO:0071944': 13, 'GO:0003008': 13, 'CL:0000393': 13, 'CL:0000404': 13, 'GO:0019226': 13, 'CL:0000031': 13, 'UBERON:0000466': 13, 'UBERON:0010316': 14, 'CL:0002321': 14, 'UBERON:0000307': 14, 'UBERON:0013686': 14, 'UBERON:0000464': 14, 'UBERON:0000064': 14, 'UBERON:0000060': 14, 'PATO:0001873': 14, 'PATO:0002078': 14, 'GO:0070161': 14, 'UBERON:0005764': 14, 'GO:0005587': 14, 'GO:0005604': 14, 'UBERON:0002328': 14, 'UBERON:0007284': 14, 'NCBITaxon:1963758': 14, 'CL:0000211': 14, 'GO:0001508': 14, 'GO:0007268': 14, 'GO:0007154': 14, 'CL:0000055': 14, 'BFO:0000141': 14, 'UBERON:0002532': 15, 'UBERON:0007010': 15, 'UBERON:0002553': 15, 'UBERON:0004923': 15, 'PATO:0002007': 15, 'PATO:0000411': 15, 'PATO:0002014': 15, 'GO:0030054': 15, 'UBERON:0000476': 15, 'GO:0098642': 15, 'GO:0098651': 15, 'GO:0062023': 15, 'UBERON:0000481': 15, 'UBERON:0004120': 15, 'UBERON:0001555': 15, 'UBERON:0011137': 15, 'PR:000014841': 15, 'UBERON:0004880': 15, 'UBERON:0006267': 15, 'UBERON:0004734': 15, 'NCBITaxon:9989': 15, 'GO:0042391': 15, 'GO:0098916': 15, 'GO:0045202': 15, 'CL:0000352': 16, 'UBERON:0000463': 16, 'PATO:0002266': 16, 'PATO:0002006': 16, 'PATO:0000947': 16, 'GO:0005581': 16, 'GO:0098645': 16, 'UBERON:0001007': 16, 'UBERON:0000165': 16, 'UBERON:0007026': 16, 'UBERON:0000075': 16, 'UBERON:0000982': 16, 'UBERON:0003068': 16, 'UBERON:0000490': 16, 'UBERON:0006268': 16, 'NCBITaxon:314147': 16, 'GO:0034220': 16, 'GO:0099537': 16, 'GO:0098794': 16, 'GO:0098793': 16, 'CL:0000052': 17, 'PATO:0002198': 17, 'PATO:0000052': 17, 'PATO:0002318': 17, 'GO:0098644': 17, 'GO:0099081': 17, 'GO:0022600': 17, 'UBERON:0004921': 17, 'UBERON:0035804': 17, 'UBERON:0001434': 17, 'UBERON:0004765': 17, 'UBERON:0004905': 17, 'NCBITaxon:314146': 17, 'GO:0006811': 17, 'GO:0055085': 17, 'GO:0099536': 17, 'PATO:0001018': 18, 'GO:0099080': 18, 'PATO:0015006': 18, 'GO:0007586': 18, 'UBERON:0000930': 18, 'UBERON:0004288': 18, 'UBERON:0004770': 18, 'UBERON:0002204': 18, 'UBERON:0034921': 18, 'NCBITaxon:1437010': 18, 'GO:0006810': 18, 'CHEBI:24867': 18, 'GO:0007267': 18, 'UBERON:0034925': 19, 'GO:0040011': 19, 'UBERON:0000383': 19, 'NCBITaxon:9347': 19, 'GO:0051234': 19, 'GO:0023052': 19, 'GO:0003012': 20, 'UBERON:0001015': 20, 'NCBITaxon:32525': 20, 'GO:0051179': 20, 'GO:0050789': 20, 'UBERON:0001630': 21, 'NCBITaxon:40674': 21, 'GO:0065007': 21, 'UBERON:0005090': 22, 'UBERON:0002385': 22, 'NCBITaxon:32524': 22, 'CL:0000187': 23, 'GO:0006936': 23, 'NCBITaxon:32523': 23, 'CL:0000183': 24, 'CL:0000056': 24, 'NCBITaxon:1338369': 24, 'CL:0000680': 25, 'NCBITaxon:8287': 25, 'NCBITaxon:117571': 26, 'NCBITaxon:117570': 27, 'NCBITaxon:7776': 28}",-1,CL:0000236,b cell,CL:0000057,fibroblast,-1,0.2222,CL:0000236,B cell,-1,0.2222,CL:0000236,B cell,-1,0.2222,CL:0000236,B cell
2,2,2,GOSH,neuroblastoma tissue,"LINC00211,RP11-552D4.1,OLIG1,RP11-362F19.3,CTC-490G23.2,RP11-561P12.5,CLEC6A,PPP1R17,RP11-737O24.5,RP11-362F19.1,S100A12,IRG1,HAL,VSTM1,RP11-764K9.1,LIPN,S100A9,CLEC4D,S100A8,SLC24A4",myeloid cell,myeloid cell,CL:0000763,myeloid cell,Neuroblast Cells,Endothelial cells,Undetermined,Neuroblastoma cells,forebrain neuroblast,CL:1000042,endothelial cell,CL:0000115,,,cell,CL:0000000,"{'CL:0000763': 0, 'BFO:0000002': 1, 'CL:0000255': 1, 'CL:0000988': 1, 'CL:0000049': 1, 'CL:0000000': 2, 'NCBITaxon:2759': 2, 'CL:0002032': 2, 'UBERON:0000061': 3, 'GO:0005634': 3, 'NCBITaxon:131567': 3, 'CL:0008001': 3, 'PATO:0001401': 3, 'CL:0000837': 3, 'BFO:0000004': 4, 'UBERON:0000465': 4, 'UBERON:0000106': 4, 'UBERON:0000071': 4, 'GO:0043231': 4, 'NCBITaxon:1': 4, 'PATO:0001397': 4, 'PR:000050567': 4, 'PATO:0001402': 4, 'PR:000001002': 4, 'PR:000001004': 4, 'PR:000001012': 4, 'PR:000001020': 4, 'PR:000001024': 4, 'PR:000001083': 4, 'PR:000001084': 4, 'PR:000001289': 4, 'PR:000001839': 4, 'PR:000001869': 4, 'PR:000001889': 4, 'PR:000002978': 4, 'PR:000002981': 4, 'PR:000001003': 4, 'CL:0000037': 4, 'BFO:0000040': 5, 'UBERON:0001062': 5, 'BFO:0000003': 5, 'UBERON:0000105': 5, 'UBERON:0000068': 5, 'UBERON:0000104': 5, 'GO:0043227': 5, 'GO:0043229': 5, 'PATO:0001396': 5, 'PR:000000001': 5, 'CHEBI:36080': 5, 'PR:000001005': 5, 'PR:000001018': 5, 'PR:000001023': 5, 'PR:000002976': 5, 'PR:000029032': 5, 'CL:0000723': 5, 'CL:0011026': 5, 'GO:0002244': 5, 'CL:0000566': 5, 'UBERON:0003942': 6, 'UBERON:0000000': 6, 'UBERON:0000066': 6, 'UBERON:0000092': 6, 'GO:0009790': 6, 'GO:0043226': 6, 'GO:0016020': 6, 'GO:0005622': 6, 'PATO:0070044': 6, 'PR:000018263': 6, 'GO:0006412': 6, 'PR:000025796': 6, 'PR:000001022': 6, 'PR:000036194': 6, 'NCBITaxon:10090': 6, 'CL:0000034': 6, 'GO:0048103': 6, 'CL:0011115': 6, 'GO:0030154': 6, 'GO:0030097': 6, 'CL:0000134': 6, 'PR:000001444': 6, 'PR:000002112': 6, 'PR:000016043': 6, 'UBERON:0001032': 7, 'GO:0019233': 7, 'GO:0050975': 7, 'UBERON:0000111': 7, 'GO:0009791': 7, 'GO:0007275': 7, 'UBERON:0000922': 7, 'GO:0110165': 7, 'PATO:0001241': 7, 'CHEBI:50047': 7, 'CHEBI:33708': 7, 'GO:0009059': 7, 'GO:0019538': 7, 'GO:0006415': 7, 'GO:0006414': 7, 'GO:0010467': 7, 'GO:0006413': 7, 'NCBITaxon:862507': 7, 'GO:0017145': 7, 'NCBITaxon:33208': 7, 'GO:0048869': 7, 'GO:0048468': 7, 'NCBITaxon:6072': 7, 'CL:0000048': 7, 'CL:0002320': 7, 'PR:000001327': 7, 'PR:000001971': 7, 'UBERON:0015203': 8, 'GO:0007600': 8, 'UBERON:0001016': 8, 'UBERON:0004456': 8, 'GO:0050954': 8, 'UBERON:0000110': 8, 'GO:0048513': 8, 'GO:0032501': 8, 'GO:0048856': 8, 'UBERON:0000468': 8, 'CARO:0000000': 8, 'GO:0005575': 8, 'PATO:0000001': 8, 'GO:0043170': 8, 'GO:0044249': 8, 'CHEBI:33694': 8, 'GO:0044238': 8, 'GO:0032984': 8, 'GO:0044237': 8, 'GO:0001677': 8, 'NCBITaxon:10088': 8, 'GO:0051301': 8, 'NCBITaxon:33154': 8, 'GO:0009987': 8, 'GO:0032502': 8, 'UBERON:0002384': 8, 'UBERON:0034923': 9, 'GO:0050877': 9, 'UBERON:0000467': 9, 'CL:0000540': 9, 'CL:0002319': 9, 'UBERON:0016880': 9, 'UBERON:0000109': 9, 'GO:0001841': 9, 'GO:0008150': 9, 'UBERON:0010000': 9, 'BFO:0000020': 9, 'GO:0008152': 9, 'GO:0009058': 9, 'GO:0022411': 9, 'GO:0043933': 9, 'GO:0032991': 9, 'GO:0022618': 9, 'GO:0044207': 9, 'NCBITaxon:39107': 9, 'UBERON:0000479': 9, 'PATO:0010001': 10, 'GO:0003008': 10, 'UBERON:0000062': 10, 'CL:0000393': 10, 'CL:0000404': 10, 'GO:0019226': 10, 'CL:0000031': 10, 'UBERON:0006598': 10, 'UBERON:0000108': 10, 'GO:0007369': 10, 'GO:0001838': 10, 'GO:0021915': 10, 'UBERON:0001049': 10, 'BFO:0000015': 10, 'PATO:0001993': 10, 'GO:0016043': 10, 'GO:0065003': 10, 'GO:0071826': 10, 'GO:0022613': 10, 'GO:1990904': 10, 'GO:0005737': 10, 'NCBITaxon:10066': 10, 'GO:0031012': 10, 'PATO:0000141': 11, 'UBERON:0006984': 11, 'CL:0000211': 11, 'GO:0001508': 11, 'GO:0007268': 11, 'GO:0007154': 11, 'CL:0000055': 11, 'NCBITaxon:7742': 11, 'UBERON:0002050': 11, 'UBERON:0000107': 11, 'GO:0048598': 11, 'GO:0001705': 11, 'GO:0001706': 11, 'GO:0001707': 11, 'GO:0072175': 11, 'GO:0016331': 11, 'GO:0035295': 11, 'GO:0060429': 11, 'GO:0007399': 11, 'GO:0043009': 11, 'UBERON:0003914': 11, 'UBERON:0005291': 11, 'UBERON:0010371': 11, 'UBERON:0016879': 11, 'UBERON:0005068': 11, 'PATO:0001992': 11, 'GO:0071840': 11, 'GO:0022607': 11, 'GO:0044085': 11, 'CHEBI:33697': 11, 'NCBITaxon:337687': 11, 'GO:0030312': 11, 'PATO:0000051': 12, 'UBERON:0010199': 12, 'GO:0042391': 12, 'GO:0098916': 12, 'GO:0045202': 12, 'NCBITaxon:89593': 12, 'UBERON:0005423': 12, 'GO:0040016': 12, 'GO:0009653': 12, 'GO:0001704': 12, 'GO:0007398': 12, 'UBERON:0000924': 12, 'GO:0007492': 12, 'UBERON:0000925': 12, 'GO:0048332': 12, 'UBERON:0000926': 12, 'GO:0035148': 12, 'GO:0060562': 12, 'GO:0002009': 12, 'UBERON:0000025': 12, 'GO:0009888': 12, 'UBERON:0000483': 12, 'GO:0048731': 12, 'GO:0009792': 12, 'NCBITaxon:7711': 12, 'UBERON:0004121': 12, 'CL:0002077': 12, 'UBERON:0002346': 12, 'UBERON:0001017': 12, 'UBERON:0007135': 12, 'PATO:0001995': 12, 'NCBITaxon:1963758': 12, 'GO:0071944': 12, 'UBERON:0000466': 13, 'GO:0034220': 13, 'GO:0099537': 13, 'GO:0098794': 13, 'GO:0098793': 13, 'GO:0030054': 13, 'GO:0048646': 13, 'UBERON:0000923': 13, 'CL:0000221': 13, 'UBERON:0006601': 13, 'CL:0000223': 13, 'UBERON:0006595': 13, 'GO:0048729': 13, 'GO:0007498': 13, 'CL:0000222': 13, 'UBERON:0006603': 13, 'GO:0035239': 13, 'UBERON:0004111': 13, 'UBERON:0013522': 13, 'PATO:0002299': 13, 'GO:0005911': 13, 'UBERON:0005769': 13, 'CL:0000066': 13, 'NCBITaxon:33511': 13, 'CL:0000133': 13, 'UBERON:0011216': 13, 'NCBITaxon:33213': 13, 'UBERON:0003075': 13, 'NCBITaxon:9989': 13, 'BFO:0000141': 14, 'GO:0006811': 14, 'GO:0055085': 14, 'GO:0099536': 14, 'UBERON:0010316': 14, 'CL:0002321': 14, 'UBERON:0000307': 14, 'UBERON:0013686': 14, 'UBERON:0000464': 14, 'UBERON:0000064': 14, 'UBERON:0000060': 14, 'PATO:0001873': 14, 'PATO:0002078': 14, 'GO:0070161': 14, 'UBERON:0005764': 14, 'GO:0005587': 14, 'GO:0005604': 14, 'UBERON:0002328': 14, 'UBERON:0007284': 14, 'NCBITaxon:314147': 14, 'GO:0006810': 15, 'CHEBI:24867': 15, 'GO:0007267': 15, 'UBERON:0002532': 15, 'UBERON:0007010': 15, 'UBERON:0002553': 15, 'UBERON:0004923': 15, 'PATO:0002007': 15, 'PATO:0000411': 15, 'PATO:0002014': 15, 'UBERON:0000476': 15, 'GO:0098642': 15, 'GO:0098651': 15, 'GO:0062023': 15, 'UBERON:0000481': 15, 'UBERON:0004120': 15, 'UBERON:0001555': 15, 'UBERON:0011137': 15, 'PR:000014841': 15, 'UBERON:0004880': 15, 'UBERON:0006267': 15, 'UBERON:0004734': 15, 'NCBITaxon:314146': 15, 'GO:0051234': 16, 'GO:0023052': 16, 'CL:0000352': 16, 'UBERON:0000463': 16, 'PATO:0002266': 16, 'PATO:0002006': 16, 'PATO:0000947': 16, 'GO:0005581': 16, 'GO:0098645': 16, 'UBERON:0001007': 16, 'UBERON:0000165': 16, 'UBERON:0007026': 16, 'UBERON:0000075': 16, 'UBERON:0000982': 16, 'UBERON:0003068': 16, 'UBERON:0000490': 16, 'UBERON:0006268': 16, 'NCBITaxon:1437010': 16, 'GO:0051179': 17, 'GO:0050789': 17, 'CL:0000052': 17, 'PATO:0002198': 17, 'PATO:0000052': 17, 'PATO:0002318': 17, 'GO:0098644': 17, 'GO:0099081': 17, 'GO:0022600': 17, 'UBERON:0004921': 17, 'UBERON:0035804': 17, 'UBERON:0001434': 17, 'UBERON:0004765': 17, 'UBERON:0004905': 17, 'NCBITaxon:9347': 17, 'GO:0065007': 18, 'PATO:0001018': 18, 'GO:0099080': 18, 'PATO:0015006': 18, 'GO:0007586': 18, 'UBERON:0000930': 18, 'UBERON:0004288': 18, 'UBERON:0004770': 18, 'UBERON:0002204': 18, 'UBERON:0034921': 18, 'NCBITaxon:32525': 18, 'UBERON:0034925': 19, 'GO:0040011': 19, 'UBERON:0000383': 19, 'NCBITaxon:40674': 19, 'GO:0003012': 20, 'UBERON:0001015': 20, 'NCBITaxon:32524': 20, 'UBERON:0001630': 21, 'NCBITaxon:32523': 21, 'UBERON:0005090': 22, 'UBERON:0002385': 22, 'NCBITaxon:1338369': 22, 'CL:0000187': 23, 'GO:0006936': 23, 'NCBITaxon:8287': 23, 'CL:0000183': 24, 'CL:0000056': 24, 'NCBITaxon:117571': 24, 'CL:0000680': 25, 'NCBITaxon:117570': 25, 'NCBITaxon:7776': 26}",-1,CL:0000763,myeloid cell,CL:0000115,endothelial cell,2,0.3333,CL:0000763,myeloid cell,-1,0.4000,CL:0000763,myeloid cell,-1,0.5000,CL:0000763,myeloid cell
3,3,3,GOSH,neuroblastoma tissue,"DBX2,LINC01351,LRRC71,ENOX1-AS1,NPFF,RP4-753F5.1,NKX6-2,TSPY2,AC105402.4,RP11-49P4.7,RP11-29B2.6,AC007250.4,CIDEA,POF1B,UNC5B-AS1,CTD-2313P7.1,RP11-403A21.1,RP11-62H20.1,RP11-147C23.1,CTD-2523D13.2",neuroblastoma cell,neuroendocrine cell,CL:0000165,neuron,Neuroblast Cells,Neural progenitor cells,Excitatory Neurons,Neuroblastoma cells,forebrain neuroblast,CL:1000042,neural progenitor cell,CL:0011020,amygdala excitatory neuron,CL:4023039,cell,CL:0000000,-1,0.5000,CL:0000165,neuroendocrine cell,CL:0011020,neural progenitor cell,3,0.2500,CL:0000165,neuroendocrine cell,-1,0.4286,CL:0000165,neuroendocrine cell,-1,0.1429,CL:0000165,neuroendocrine cell
4,4,4,GOSH,neuroblastoma tissue,"MDGA2,RALYL,RP11-746B8.1,CTC-575N7.1,HCRTR2,WNT6,SST,NPAS4,TMEM132D,RP11-446H18.6,LINC00951,RP11-168K9.2,TMEM132E,RP11-1109F11.5,GRIN2A,TENM2,VIP,RP11-283G6.4,LRFN2,ADCY5",neuroblastoma cell,neuroendocrine cell,CL:0000166,neuron,Neuroblast Cells,Neurons,Undetermined,Neuroblastoma cells,forebrain neuroblast,CL:1000042,neuron,CL:0000540,,,cell,CL:0000000,"{'CL:0000000': 0, 'UBERON:0000061': 1, 'GO:0005634': 1, 'NCBITaxon:131567': 1, 'BFO:0000004': 2, 'UBERON:0000465': 2, 'UBERON:0000106': 2, 'UBERON:0000071': 2, 'GO:0043231': 2, 'NCBITaxon:2759': 2, 'NCBITaxon:1': 2, 'BFO:0000040': 3, 'UBERON:0001062': 3, 'BFO:0000003': 3, 'UBERON:0000105': 3, 'UBERON:0000068': 3, 'UBERON:0000104': 3, 'GO:0043227': 3, 'GO:0043229': 3, 'UBERON:0003942': 4, 'UBERON:0000000': 4, 'UBERON:0000066': 4, 'UBERON:0000092': 4, 'GO:0009790': 4, 'GO:0043226': 4, 'GO:0016020': 4, 'GO:0005622': 4, 'UBERON:0001032': 5, 'GO:0019233': 5, 'GO:0050975': 5, 'UBERON:0000111': 5, 'GO:0009791': 5, 'GO:0007275': 5, 'UBERON:0000922': 5, 'GO:0110165': 5, 'UBERON:0015203': 6, 'GO:0007600': 6, 'UBERON:0001016': 6, 'UBERON:0004456': 6, 'GO:0050954': 6, 'UBERON:0000110': 6, 'GO:0048513': 6, 'NCBITaxon:6072': 6, 'GO:0032501': 6, 'GO:0048856': 6, 'UBERON:0000468': 6, 'CARO:0000000': 6, 'GO:0005575': 6, 'UBERON:0034923': 7, 'GO:0050877': 7, 'BFO:0000002': 7, 'UBERON:0000467': 7, 'CL:0000540': 7, 'CL:0002319': 7, 'UBERON:0016880': 7, 'UBERON:0000109': 7, 'GO:0001841': 7, 'NCBITaxon:33208': 7, 'GO:0008150': 7, 'GO:0032502': 7, 'UBERON:0010000': 7, 'PATO:0010001': 8, 'GO:0003008': 8, 'UBERON:0000062': 8, 'CL:0000393': 8, 'CL:0000404': 8, 'GO:0019226': 8, 'CL:0000031': 8, 'CL:0000255': 8, 'UBERON:0006598': 8, 'UBERON:0000108': 8, 'GO:0007369': 8, 'GO:0001838': 8, 'GO:0021915': 8, 'UBERON:0001049': 8, 'NCBITaxon:33154': 8, 'BFO:0000015': 8, 'PATO:0001993': 8, 'PATO:0000141': 9, 'UBERON:0006984': 9, 'CL:0000211': 9, 'GO:0001508': 9, 'GO:0007268': 9, 'GO:0007154': 9, 'CL:0000055': 9, 'NCBITaxon:7742': 9, 'UBERON:0002050': 9, 'UBERON:0000107': 9, 'GO:0048598': 9, 'GO:0001705': 9, 'GO:0001706': 9, 'GO:0001707': 9, 'GO:0072175': 9, 'GO:0016331': 9, 'GO:0035295': 9, 'GO:0060429': 9, 'GO:0007399': 9, 'GO:0043009': 9, 'UBERON:0003914': 9, 'UBERON:0005291': 9, 'UBERON:0010371': 9, 'UBERON:0016879': 9, 'UBERON:0005068': 9, 'PATO:0001992': 9, 'PATO:0000051': 10, 'UBERON:0010199': 10, 'GO:0042391': 10, 'GO:0098916': 10, 'GO:0045202': 10, 'GO:0009987': 10, 'CL:0011115': 10, 'NCBITaxon:89593': 10, 'UBERON:0005423': 10, 'GO:0040016': 10, 'GO:0009653': 10, 'GO:0001704': 10, 'GO:0007398': 10, 'UBERON:0000924': 10, 'GO:0007492': 10, 'UBERON:0000925': 10, 'GO:0048332': 10, 'UBERON:0000926': 10, 'GO:0035148': 10, 'GO:0060562': 10, 'GO:0002009': 10, 'UBERON:0000025': 10, 'GO:0009888': 10, 'UBERON:0000483': 10, 'GO:0048731': 10, 'GO:0009792': 10, 'NCBITaxon:7711': 10, 'UBERON:0000479': 10, 'UBERON:0004121': 10, 'CL:0002077': 10, 'UBERON:0002346': 10, 'UBERON:0001017': 10, 'UBERON:0007135': 10, 'PATO:0001995': 10, 'PATO:0001241': 11, 'UBERON:0000466': 11, 'GO:0034220': 11, 'GO:0099537': 11, 'GO:0098794': 11, 'GO:0098793': 11, 'GO:0030054': 11, 'GO:0030154': 11, 'GO:0051301': 11, 'GO:0048646': 11, 'UBERON:0000923': 11, 'CL:0000221': 11, 'UBERON:0006601': 11, 'CL:0000223': 11, 'UBERON:0006595': 11, 'GO:0048729': 11, 'GO:0007498': 11, 'CL:0000222': 11, 'UBERON:0006603': 11, 'GO:0035239': 11, 'UBERON:0004111': 11, 'UBERON:0013522': 11, 'PATO:0002299': 11, 'PR:000050567': 11, 'GO:0005911': 11, 'UBERON:0005769': 11, 'CL:0000066': 11, 'NCBITaxon:33511': 11, 'GO:0031012': 11, 'CL:0000133': 11, 'UBERON:0011216': 11, 'NCBITaxon:33213': 11, 'UBERON:0003075': 11, 'PATO:0000001': 12, 'BFO:0000141': 12, 'GO:0006811': 12, 'GO:0055085': 12, 'GO:0099536': 12, 'GO:0048869': 12, 'UBERON:0010316': 12, 'CL:0002321': 12, 'UBERON:0000307': 12, 'UBERON:0013686': 12, 'UBERON:0000464': 12, 'UBERON:0000064': 12, 'UBERON:0000060': 12, 'PATO:0001873': 12, 'PATO:0002078': 12, 'PR:000000001': 12, 'GO:0070161': 12, 'UBERON:0005764': 12, 'GO:0005587': 12, 'GO:0005604': 12, 'GO:0030312': 12, 'UBERON:0002328': 12, 'UBERON:0007284': 12, 'BFO:0000020': 13, 'GO:0006810': 13, 'CHEBI:24867': 13, 'GO:0007267': 13, 'UBERON:0002532': 13, 'UBERON:0007010': 13, 'UBERON:0002553': 13, 'UBERON:0004923': 13, 'PATO:0002007': 13, 'PATO:0000411': 13, 'PATO:0002014': 13, 'PR:000018263': 13, 'GO:0006412': 13, 'UBERON:0000476': 13, 'GO:0098642': 13, 'GO:0098651': 13, 'GO:0062023': 13, 'GO:0071944': 13, 'UBERON:0000481': 13, 'UBERON:0004120': 13, 'UBERON:0001555': 13, 'UBERON:0011137': 13, 'PR:000014841': 13, 'UBERON:0004880': 13, 'UBERON:0006267': 13, 'UBERON:0004734': 13, 'GO:0051234': 14, 'GO:0023052': 14, 'CL:0000352': 14, 'UBERON:0000463': 14, 'PATO:0002266': 14, 'PATO:0002006': 14, 'PATO:0000947': 14, 'CHEBI:50047': 14, 'CHEBI:33708': 14, 'GO:0009059': 14, 'GO:0019538': 14, 'GO:0006415': 14, 'GO:0006414': 14, 'CHEBI:36080': 14, 'GO:0010467': 14, 'GO:0006413': 14, 'GO:0005581': 14, 'GO:0098645': 14, 'UBERON:0001007': 14, 'UBERON:0000165': 14, 'UBERON:0007026': 14, 'UBERON:0000075': 14, 'UBERON:0000982': 14, 'UBERON:0003068': 14, 'UBERON:0000490': 14, 'UBERON:0006268': 14, 'GO:0051179': 15, 'GO:0050789': 15, 'CL:0000052': 15, 'PATO:0002198': 15, 'PATO:0000052': 15, 'PATO:0002318': 15, 'GO:0043170': 15, 'GO:0044249': 15, 'CHEBI:33694': 15, 'GO:0044238': 15, 'GO:0032984': 15, 'GO:0044237': 15, 'GO:0001677': 15, 'GO:0032991': 15, 'GO:0098644': 15, 'GO:0099081': 15, 'GO:0022600': 15, 'UBERON:0004921': 15, 'UBERON:0035804': 15, 'UBERON:0001434': 15, 'UBERON:0004765': 15, 'UBERON:0004905': 15, 'GO:0065007': 16, 'CL:0000723': 16, 'PATO:0001018': 16, 'GO:0008152': 16, 'GO:0009058': 16, 'GO:0022411': 16, 'GO:0043933': 16, 'GO:0022618': 16, 'GO:0044207': 16, 'GO:0099080': 16, 'PATO:0015006': 16, 'GO:0007586': 16, 'UBERON:0000930': 16, 'UBERON:0004288': 16, 'UBERON:0004770': 16, 'UBERON:0002204': 16, 'UBERON:0034921': 16, 'CL:0000034': 17, 'GO:0048103': 17, 'GO:0016043': 17, 'GO:0065003': 17, 'GO:0071826': 17, 'GO:0022613': 17, 'GO:1990904': 17, 'GO:0005737': 17, 'UBERON:0034925': 17, 'GO:0040011': 17, 'UBERON:0000383': 17, 'GO:0017145': 18, 'GO:0071840': 18, 'GO:0022607': 18, 'GO:0044085': 18, 'CHEBI:33697': 18, 'GO:0003012': 18, 'UBERON:0001015': 18, 'UBERON:0001630': 19, 'UBERON:0005090': 20, 'UBERON:0002385': 20, 'CL:0000187': 21, 'GO:0006936': 21, 'CL:0000183': 22, 'CL:0000056': 22, 'CL:0000680': 23}",-1,CL:0000000,cell,CL:0000540,neuron,5,0.2000,CL:0000166,neuroendocrine cell,-1,0.4286,CL:0000166,neuroendocrine cell,2,0.6667,CL:0000166,neuroendocrine cell
5,5,5,GOSH,neuroblastoma tissue,"KRT73-AS1,KRT1,ST6GALNAC1,ANKRD55,RP11-664D1.1,HBE1,TSPO2,GCNT4,NOG,REG4,PASK,C9orf135,PRKG2,RP1-187B23.1,ERVH48-1,AC097713.4,ADTRP,TRBV28,MDS2,CELA1",T cell,T cell,CL:0000084,t/nk cell,Keratinocytes,Epidermal cells,Keratinized Epithelial Cells,Neuroepithelial cells,keratinocyte,CL:0000312,epidermal cell,CL:0000362,stratified keratinized epithelial stem cell,CL:1000083,sensory epithelial cell,CL:0000098,-1,0.1667,CL:0000084,T cell,CL:0000362,epidermal cell,-1,0.2500,CL:0000084,T cell,-1,0.2222,CL:0000084,T cell,-1,0.2222,CL:0000084,T cell
6,6,6,GOSH,neuroblastoma tissue,"RSPO4,GABRA5,RP11-91P17.1,RP11-546B8.6,HAPLN4,AGXT,RP5-968D22.1,RP11-1038A11.3,FEV,ALX3,ABCA12,ZNF560,ASCL1,LINC01563,AC093375.1,RP11-197K6.1,ARL9,MUC4,RP11-129M6.1,AC002076.10",neuroblastoma cell,neuroendocrine cell,CL:0000166,neuron,"Neuroblast Cells, GABAergic Neurons",GABAergic neurons,Neuroepithelial Cells,Neuroblastoma cells,GABAergic neuron,CL:0000617,gabaergic neuron,CL:0000617,sensory epithelial cell,CL:0000098,cell,CL:0000000,-1,0.4286,CL:0000166,neuroendocrine cell,CL:0000617,gabaergic neuron,5,0.2000,CL:0000166,neuroendocrine cell,-1,0.5714,CL:0000166,neuroendocrine cell,-1,0.5714,CL:0000166,neuroendocrine cell
7,7,7,GOSH,neuroblastoma tissue,"CCL18,RP11-20G13.3,RP11-489O18.1,APOC4-APOC2,SIGLEC8,RP11-202G18.1,TREM2,RP3-369A17.4,DNASE2B,CTB-138E5.1,BIRC7,ADAMDEC1,RP11-212I21.5,RP11-10J5.1,MMP12,TNFSF18,MMP1,LINC01305,APOC2,SDS",myeloid cell,myeloid cell,CL:0000763,myeloid cell,Macrophages,Macrophages,Macrophages,Immune cells,macrophage,CL:0000235,macrophage,CL:0000235,macrophage,CL:0000235,leukocyte,CL:0000738,-1,0.6000,CL:0000763,myeloid cell,CL:0000235,macrophage,-1,0.5000,CL:0000763,myeloid cell,-1,0.6000,CL:0000763,myeloid cell,-1,0.6000,CL:0000763,myeloid cell
8,8,8,GOSH,neuroblastoma tissue,"RP5-997D24.3,TRAV27,CCL1,RP11-357H14.17,UNQ6494,CTD-3195I5.3,AP001171.1,LINC00880,IL26,CXCL13,TRBV18,FOXP3,RP11-764E7.1,TRAV36DV7,GBP7,PVALB,RP11-403B2.7,PCAT29,GML,AC017002.1",T cell,T cell,CL:0000084,t/nk cell,T Cells,T cells,T cells,Neuroblastoma cells,t cell,CL:0000084,t cell,CL:0000084,t cell,CL:0000084,cell,CL:0000000,0,1.0000,CL:0000084,T cell,CL:0000084,t cell,5,0.1667,CL:0000084,T cell,0,1.0000,CL:0000084,T cell,0,1.0000,CL:0000084,T cell
9,9,9,GOSH,neuroblastoma tissue,"ZNF488,GLRA2,RP11-126K15.1,GRK1,CTD-2659N19.2,PRSS8,AC097381.1,GRM2,AC015849.16,RP4-585I14.3,AC016629.3,RP11-31E13.2,PBK,TRBV23OR9-2,RP11-845C23.3,RP13-672B3.2,AC068057.1,PRH1-PRR4,LINC01264,LINC00403",neuroblastoma cell,neuroendocrine cell,CL:0000166,neuron,"Oligodendrocytes, Glutamatergic Neurons",Oligodendrocytes,Inhibitory Neurons,Neuroblastoma cells,glutamatergic neuron,CL:0000679,oligodendrocyte,CL:0000128,inhibitory motor neuron,CL:0008015,cell,CL:0000000,-1,0.5000,CL:0000166,neuroendocrine cell,CL:0000128,oligodendrocyte,5,0.2000,CL:0000166,neuroendocrine cell,-1,0.5714,CL:0000166,neuroendocrine cell,-1,0.3000,CL:0000166,neuroendocrine cell
10,10,10,GOSH,neuroblastoma tissue,"RP11-71G12.1,RFPL4A,RFPL4AL1,SPACA3,RP11-476B1.1,RP11-164P12.3,AC005307.1,RP11-731D1.4,CLEC9A,LINC01531,NLRP7,KRT5,SCT,RP11-73G16.2,XCR1,LLNLR-304G9.1,LRRC26,RP11-798K3.3,SLC12A3,CTB-50L17.9",myeloid cell,myeloid cell,CL:0000763,myeloid cell,Neuroblastoma Cells,non-specific or uncertain cell type,Neuroblastoma cells,neuroblastoma cells,cell,CL:0000000,non-terminally differentiated cell,CL:0000055,cell,CL:0000000,cell,CL:0000000,2,0.3333,CL:0000763,myeloid cell,CL:0000055,non-terminally differentiated cell,2,0.3333,CL:0000763,myeloid cell,2,0.3333,CL:0000763,myeloid cell,11,0.2000,CL:0000763,myeloid cell
11,11,11,GOSH,neuroblastoma tissue,"C6orf141,RP11-567J20.2,TM4SF1-AS1,GJA5,GDF3,SELE,CCL14,EMCN,STAB2,FCN3,ESM1,SOX18,ADGRL4,MMRN2,RP11-327L3.3,RP11-286H15.1,HOXB8,SLCO2A1,AP005530.2,ANO2",endothelial cell,endothelial cell,CL:0000115,endothelial cell,Neuroblastoma Cells,non-specific or uncertain cell type,Neuroblastoma cells,neuroblastoma cells,cell,CL:0000000,non-terminally differentiated cell,CL:0000055,cell,CL:0000000,cell,CL:0000000,2,0.3333,CL:0000115,endothelial cell,CL:0000055,non-terminally differentiated cell,2,0.3333,CL:0000115,endothelial cell,2,0.3333,CL:0000115,endothelial cell,11,0.2000,CL:0000115,endothelial cell
12,12,12,GOSH,neuroblastoma tissue,"TPSAB1,TPSB2,TPSD1,MTTP,KRT25,AC005780.1,HDC,AC004791.2,AC024704.2,KRT83,RP11-264I13.2,RP11-187E13.1,FAM53B-AS1,PMCH,CALB2,TRBV4-1,TRAV41,IL13,FGG,CPA3",,T cell,CL:0000084,t/nk cell,Mast Cells,mast cells,Mast cells or basophils,mast cells,mast cell,CL:0000097,mast cell,CL:0000097,basophil mast progenitor cell,CL:0002028,mast cell,CL:0000097,-1,0.2500,CL:0000084,T cell,CL:0000097,mast cell,-1,0.3750,CL:0000084,T cell,-1,0.3750,CL:0000084,T cell,-1,0.3750,CL:0000084,T cell
13,13,13,GOSH,neuroblastoma tissue,"RP11-402G3.3,KIRREL2,TEX13D,CTD-2616J11.14,PKLR,CTC-338M12.6,AF064858.6,RP11-356I2.1,HIST1H1B,RP11-20B24.2,RP11-1035H13.3,RP11-489D6.2,HIST1H3G,NMU,E2F8,HIST1H2AJ,CTA-392E5.1,DLGAP5,CENPA,CENPE",T cell,T cell,CL:0000084,t/nk cell,Neurons,non-specific or uncertain cell type,Neuronal cells,neuroblastoma cells,neuron,CL:0000540,non-terminally differentiated cell,CL:0000055,neuronal receptor cell,CL:0000006,cell,CL:0000000,-1,0.2500,CL:0000084,T cell,CL:0000055,non-terminally differentiated cell,5,0.1667,CL:0000084,T cell,11,0.2500,CL:0000084,T cell,13,0.1250,CL:0000084,T cell
14,14,14,GOSH,neuroblastoma tissue,"DSC3,SGCG,LINC01048,MASP1,LINC01564,SCARA5,RP11-125O18.1,SPRR2F,ITIH3,RP11-17A4.3,C1QTNF7,MATN4,CSN3,RP11-262A16.1,VGLL3,GLP2R,KRT24,LINC01028,LMO7DN,PCOLCE2",fibroblast,fibroblast,CL:0000057,fibroblast,Keratinocytes,muscle cells,Epithelial cells or muscle cells,epithelial cells,keratinocyte,CL:0000312,muscle cell,CL:0000187,nasopharyngeal epithelial cell,CL:1001573,epithelial cell,CL:0000066,-1,0.2500,CL:0000057,fibroblast,CL:0000187,muscle cell,14,0.4000,CL:0000057,fibroblast,-1,0.2857,CL:0000057,fibroblast,24,0.4000,CL:0000057,fibroblast
15,15,15,GOSH,neuroblastoma tissue,"RP11-865I6.2,C4B,RP11-598F7.5,JPH2,RERGL,COL10A1,TDO2,FHL5,RP11-91J3.3,CHAD,MYOD1,BMP5,WWC2-AS2,GSTA3,C4A,BHLHE22,THBS4,EN1,SIX2,HSD3B2",fibroblast,fibroblast,CL:0000057,fibroblast,B Cell,non-specific or uncertain cell type,Immune cells,macrophages,b cell,CL:0000236,non-terminally differentiated cell,CL:0000055,leukocyte,CL:0000738,macrophage,CL:0000235,-1,0.4000,CL:0000057,fibroblast,CL:0000055,non-terminally differentiated cell,-1,0.2857,CL:0000057,fibroblast,-1,0.2222,CL:0000057,fibroblast,12,0.1667,CL:0000057,fibroblast
16,16,16,GOSH,neuroblastoma tissue,"GRHL2,RP11-167J8.3,LINC01511,RP5-1092A11.5,RP11-127L20.5,RP11-24I21.1,AC093627.7,RP11-35G22.1,RP3-441A12.1,RP4-813D12.3,RP11-157E21.1,RP11-736N17.10,AC005197.2,RP11-23F23.2,ALKBH3-AS1,RP11-138I17.1,PRR15,CTC-435M10.3,PLIN4,RGS8",myeloid cell,myeloid cell,CL:0000763,myeloid cell,Epithelial Cells,non-specific or uncertain cell type,Epithelial cells,neuroblastoma cells,epithelial cell,CL:0000066,non-terminally differentiated cell,CL:0000055,epithelial cell,CL:0000066,cell,CL:0000000,13,0.5000,CL:0000763,myeloid cell,CL:0000055,non-terminally differentiated cell,2,0.3333,CL:0000763,myeloid cell,13,0.5000,CL:0000763,myeloid cell,11,0.2000,CL:0000763,myeloid cell
17,17,17,GOSH,neuroblastoma tissue,"IGHG2,IGHGP,IGHG3,IGHG4,RP11-768B22.2,IGHG1,FA2H,OR4C6,AC233755.2,IGHV4-28,RP11-686F15.2,LINC01485,PRSS16,RP11-567J20.3,PANDAR,RP11-625L16.3,SAMD7,RP1-148H17.1,CFAP57,FCRL4",B cell,B cell,CL:0000236,B cell,B Cell,plasma cells,B cells or plasma cells,plasma cells,b cell,CL:0000236,plasma cell,CL:0000786,plasma cell,CL:0000786,plasma cell,CL:0000786,-1,0.6667,CL:0000236,B cell,CL:0000786,plasma cell,-1,0.6667,CL:0000236,B cell,0,1.0000,CL:0000236,B cell,-1,0.6667,CL:0000236,B cell
18,18,18,GOSH,neuroblastoma tissue,"LIM2,FGFBP2,KLRF1,NCR1,SPON2,LRRC43,S1PR5,SH2D1B,DTHD1,SLC1A7,PRF1,KLRC1,KRT72,B3GNT7,GNLY,MYOM2,LGALS9B,KIR2DL3,CLIC3,LGR6",natural killer cell,natural killer cell,CL:0000623,t/nk cell,NK Cells,natural killer cells,Natural killer cells,natural killer cells,natural killer cell,CL:0000623,natural killer cell,CL:0000623,natural killer cell,CL:0000623,natural killer cell,CL:0000623,0,1.0000,CL:0000623,natural killer cell,CL:0000623,natural killer cell,0,1.0000,CL:0000623,natural killer cell,0,1.0000,CL:0000623,natural killer cell,0,1.0000,CL:0000623,natural killer cell
19,19,19,GOSH,neuroblastoma tissue,"RP11-265P11.1,CTD-2215E18.1,LINC01013,RP11-524N5.1,IGHD,RP11-553K8.2,RP5-887A10.1,RP3-416J7.4,BEST3,RP11-693J15.5,GYLTL1B,RP3-431P23.5,LINC00926,FCER2,SLC23A1,TCL1B,CLLU1,MS4A1,COL19A1,RP11-164H13.1",B cell,B cell,CL:0000236,B cell,Fibroblasts,non-specific or uncertain cell type,Glial cells or neural stem cells,neuroblastoma cells,fibroblast,CL:0000057,non-terminally differentiated cell,CL:0000055,neural stem cell,CL:0000047,cell,CL:0000000,-1,0.2222,CL:0000236,B cell,CL:0000055,non-terminally differentiated cell,6,0.1429,CL:0000236,B cell,-1,0.2222,CL:0000236,B cell,14,0.1111,CL:0000236,B cell
20,20,20,GOSH,neuroblastoma tissue,"LINC00211,RP11-552D4.1,OLIG1,RP11-362F19.3,CTC-490G23.2,RP11-561P12.5,CLEC6A,PPP1R17,RP11-737O24.5,RP11-362F19.1,S100A12,IRG1,HAL,VSTM1,RP11-764K9.1,LIPN,S100A9,CLEC4D,S100A8,SLC24A4",myeloid cell,myeloid cell,CL:0000763,myeloid cell,Neuroblastoma cells,neuroblastoma cells,Neural crest-derived cells,neuroblastoma cells,cell,CL:0000000,cell,CL:0000000,smooth muscle cell neural crest derived,CL:0000027,cell,CL:0000000,-1,0.2857,CL:0000763,myeloid cell,CL:0000000,cell,2,0.3333,CL:0000763,myeloid cell,2,0.3333,CL:0000763,myeloid cell,2,0.3333,CL:0000763,myeloid cell
21,21,21,GOSH,neuroblastoma tissue,"DBX2,LINC01351,LRRC71,ENOX1-AS1,NPFF,RP4-753F5.1,NKX6-2,TSPY2,AC105402.4,RP11-49P4.7,RP11-29B2.6,AC007250.4,CIDEA,POF1B,UNC5B-AS1,CTD-2313P7.1,RP11-403A21.1,RP11-62H20.1,RP11-147C23.1,CTD-2523D13.2",neuroblastoma cell,neuroendocrine cell,CL:0000165,neuron,Neuroblastoma cells,neuroblastoma cells,Neural progenitor cells,neuroblastoma cells,cell,CL:0000000,cell,CL:0000000,neural progenitor cell,CL:0011020,cell,CL:0000000,-1,0.1429,CL:0000165,neuroendocrine cell,CL:0000000,cell,3,0.2500,CL:0000165,neuroendocrine cell,3,0.2500,CL:0000165,neuroendocrine cell,3,0.2500,CL:0000165,neuroendocrine cell
22,22,22,GOSH,neuroblastoma tissue,"MDGA2,RALYL,RP11-746B8.1,CTC-575N7.1,HCRTR2,WNT6,SST,NPAS4,TMEM132D,RP11-446H18.6,LINC00951,RP11-168K9.2,TMEM132E,RP11-1109F11.5,GRIN2A,TENM2,VIP,RP11-283G6.4,LRFN2,ADCY5",neuroblastoma cell,neuroendocrine cell,CL:0000166,neuron,Neuroblastoma cells,neuroblastoma cells,Glial-like cells,neuroblastoma cells,cell,CL:0000000,cell,CL:0000000,glial cell,CL:0000125,cell,CL:0000000,-1,0.3750,CL:0000166,neuroendocrine cell,CL:0000000,cell,5,0.2000,CL:0000166,neuroendocrine cell,5,0.2000,CL:0000166,neuroendocrine cell,5,0.2000,CL:0000166,neuroendocrine cell
23,23,23,GOSH,neuroblastoma tissue,"KRT73-AS1,KRT1,ST6GALNAC1,ANKRD55,RP11-664D1.1,HBE1,TSPO2,GCNT4,NOG,REG4,PASK,C9orf135,PRKG2,RP1-187B23.1,ERVH48-1,AC097713.4,ADTRP,TRBV28,MDS2,CELA1",T cell,T cell,CL:0000084,t/nk cell,"Keratinocytes, Neuroblastoma cells","epidermis cells, neuroblastoma cells",Neuroectodermal cells,neuroblastoma cells,cell,CL:0000000,nonkeratinized cell of epidermis,CL:0002135,interneuromast cell,CL:0000854,cell,CL:0000000,-1,0.2222,CL:0000084,T cell,CL:0002135,nonkeratinized cell of epidermis,5,0.1667,CL:0000084,T cell,5,0.1667,CL:0000084,T cell,-1,0.2000,CL:0000084,T cell
24,24,24,GOSH,neuroblastoma tissue,"RSPO4,GABRA5,RP11-91P17.1,RP11-546B8.6,HAPLN4,AGXT,RP5-968D22.1,RP11-1038A11.3,FEV,ALX3,ABCA12,ZNF560,ASCL1,LINC01563,AC093375.1,RP11-197K6.1,ARL9,MUC4,RP11-129M6.1,AC002076.10",neuroblastoma cell,neuroendocrine cell,CL:0000166,neuron,Neuroblastoma cells,"neuronal cells, neuroblastoma cells",Neural crest-derived cells,neuroblastoma cells,cell,CL:0000000,neuronal receptor cell,CL:0000006,smooth muscle cell neural crest derived,CL:0000027,cell,CL:0000000,-1,0.3000,CL:0000166,neuroendocrine cell,CL:0000006,neuronal receptor cell,5,0.2000,CL:0000166,neuroendocrine cell,5,0.2000,CL:0000166,neuroendocrine cell,-1,0.4444,CL:0000166,neuroendocrine cell
25,25,25,GOSH,neuroblastoma tissue,"CCL18,RP11-20G13.3,RP11-489O18.1,APOC4-APOC2,SIGLEC8,RP11-202G18.1,TREM2,RP3-369A17.4,DNASE2B,CTB-138E5.1,BIRC7,ADAMDEC1,RP11-212I21.5,RP11-10J5.1,MMP12,TNFSF18,MMP1,LINC01305,APOC2,SDS",myeloid cell,myeloid cell,CL:0000763,myeloid cell,"Neuroblastoma cells, Immune cells","macrophage cells, neuroblastoma cells",Macrophages/Tumor-associated macrophages,neuroblastoma cells,multinucleate cell,CL:0000228,microglial cell,CL:0000129,border associated macrophage,CL:4042003,cell,CL:0000000,-1,0.4286,CL:0000763,myeloid cell,CL:0000129,microglial cell,2,0.3333,CL:0000763,myeloid cell,-1,0.5000,CL:0000763,myeloid cell,-1,0.4286,CL:0000763,myeloid cell
26,26,26,GOSH,neuroblastoma tissue,"RP5-997D24.3,TRAV27,CCL1,RP11-357H14.17,UNQ6494,CTD-3195I5.3,AP001171.1,LINC00880,IL26,CXCL13,TRBV18,FOXP3,RP11-764E7.1,TRAV36DV7,GBP7,PVALB,RP11-403B2.7,PCAT29,GML,AC017002.1",T cell,T cell,CL:0000084,t/nk cell,"T lymphocytes, Neuroblastoma cells","T cells, neuroblastoma cells",T-cells/Immune infiltrate,neuroblastoma cells,T cell,CL:0000084,T-helper 9 cell,CL:0002061,mucosal type mast cell,CL:0000485,cell,CL:0000000,-1,0.3333,CL:0000084,T cell,CL:0002061,T-helper 9 cell,5,0.1667,CL:0000084,T cell,0,1.0000,CL:0000084,T cell,-1,0.5455,CL:0000084,T cell
27,27,27,GOSH,neuroblastoma tissue,"ZNF488,GLRA2,RP11-126K15.1,GRK1,CTD-2659N19.2,PRSS8,AC097381.1,GRM2,AC015849.16,RP4-585I14.3,AC016629.3,RP11-31E13.2,PBK,TRBV23OR9-2,RP11-845C23.3,RP13-672B3.2,AC068057.1,PRH1-PRR4,LINC01264,LINC00403",neuroblastoma cell,neuroendocrine cell,CL:0000166,neuron,Neuroblastoma cells,"neuronal cells, neuroblastoma cells",Neuron-like cells,neuroblastoma cells,cell,CL:0000000,neuronal receptor cell,CL:0000006,neuron associated cell,CL:0000095,cell,CL:0000000,-1,0.4286,CL:0000166,neuroendocrine cell,CL:0000006,neuronal receptor cell,5,0.2000,CL:0000166,neuroendocrine cell,5,0.2000,CL:0000166,neuroendocrine cell,-1,0.4444,CL:0000166,neuroendocrine cell
28,28,28,GOSH,neuroblastoma tissue,"RP11-71G12.1,RFPL4A,RFPL4AL1,SPACA3,RP11-476B1.1,RP11-164P12.3,AC005307.1,RP11-731D1.4,CLEC9A,LINC01531,NLRP7,KRT5,SCT,RP11-73G16.2,XCR1,LLNLR-304G9.1,LRRC26,RP11-798K3.3,SLC12A3,CTB-50L17.9",myeloid cell,myeloid cell,CL:0000763,myeloid cell,Neuroblastoma cells,neuroblastoma cells,Neural progenitor cells,neuroblastoma cells,cell,CL:0000000,cell,CL:0000000,neural progenitor cell,CL:0011020,cell,CL:0000000,-1,0.1667,CL:0000763,myeloid cell,CL:0000000,cell,2,0.3333,CL:0000763,myeloid cell,2,0.3333,CL:0000763,myeloid cell,2,0.3333,CL:0000763,myeloid cell
29,29,29,GOSH,neuroblastoma tissue,"C6orf141,RP11-567J20.2,TM4SF1-AS1,GJA5,GDF3,SELE,CCL14,EMCN,STAB2,FCN3,ESM1,SOX18,ADGRL4,MMRN2,RP11-327L3.3,RP11-286H15.1,HOXB8,SLCO2A1,AP005530.2,ANO2",endothelial cell,endothelial cell,CL:0000115,endothelial cell,Neuroblastoma cells,neuroblastoma cells,Neural progenitor cells,neuroblastoma cells,cell,CL:0000000,cell,CL:0000000,neural progenitor cell,CL:0011020,cell,CL:0000000,-1,0.1667,CL:0000115,endothelial cell,CL:0000000,cell,2,0.3333,CL:0000115,endothelial cell,2,0.3333,CL:0000115,endothelial cell,2,0.3333,CL:0000115,endothelial cell
30,30,30,GOSH,neuroblastoma tissue,"TPSAB1,TPSB2,TPSD1,MTTP,KRT25,AC005780.1,HDC,AC004791.2,AC024704.2,KRT83,RP11-264I13.2,RP11-187E13.1,FAM53B-AS1,PMCH,CALB2,TRBV4-1,TRAV41,IL13,FGG,CPA3",,T cell,CL:0000084,t/nk cell,Neuroblast Cells,mast cells,Mast Cells,mast cells,forebrain neuroblast,CL:1000042,mast cell,CL:0000097,mast cell,CL:0000097,mast cell,CL:0000097,-1,0.3750,CL:0000084,T cell,CL:0000097,mast cell,-1,0.3750,CL:0000084,T cell,-1,0.2500,CL:0000084,T cell,-1,0.3750,CL:0000084,T cell
31,31,31,GOSH,neuroblastoma tissue,"RP11-402G3.3,KIRREL2,TEX13D,CTD-2616J11.14,PKLR,CTC-338M12.6,AF064858.6,RP11-356I2.1,HIST1H1B,RP11-20B24.2,RP11-1035H13.3,RP11-489D6.2,HIST1H3G,NMU,E2F8,HIST1H2AJ,CTA-392E5.1,DLGAP5,CENPA,CENPE",T cell,T cell,CL:0000084,t/nk cell,Neuroblast Cells,neurons,Neuronal Cells,neuroblastoma cells,forebrain neuroblast,CL:1000042,neuron,CL:0000540,neuronal receptor cell,CL:0000006,cell,CL:0000000,-1,0.2500,CL:0000084,T cell,CL:0000540,neuron,5,0.1667,CL:0000084,T cell,-1,0.2500,CL:0000084,T cell,11,0.2500,CL:0000084,T cell
32,32,32,GOSH,neuroblastoma tissue,"DSC3,SGCG,LINC01048,MASP1,LINC01564,SCARA5,RP11-125O18.1,SPRR2F,ITIH3,RP11-17A4.3,C1QTNF7,MATN4,CSN3,RP11-262A16.1,VGLL3,GLP2R,KRT24,LINC01028,LMO7DN,PCOLCE2",fibroblast,fibroblast,CL:0000057,fibroblast,Neuroblast Cells,skeletal muscle cells,Epithelial Cells,epithelial cells,forebrain neuroblast,CL:1000042,cell of skeletal muscle,CL:0000188,epithelial cell,CL:0000066,epithelial cell,CL:0000066,14,0.4000,CL:0000057,fibroblast,CL:0000188,cell of skeletal muscle,14,0.4000,CL:0000057,fibroblast,-1,0.3333,CL:0000057,fibroblast,-1,0.4000,CL:0000057,fibroblast
33,33,33,GOSH,neuroblastoma tissue,"RP11-865I6.2,C4B,RP11-598F7.5,JPH2,RERGL,COL10A1,TDO2,FHL5,RP11-91J3.3,CHAD,MYOD1,BMP5,WWC2-AS2,GSTA3,C4A,BHLHE22,THBS4,EN1,SIX2,HSD3B2",fibroblast,fibroblast,CL:0000057,fibroblast,Neuroblast Cells,endothelial cells,Immune Cells,neuroblastoma cells,forebrain neuroblast,CL:1000042,endothelial cell,CL:0000115,leukocyte,CL:0000738,cell,CL:0000000,-1,0.4000,CL:0000057,fibroblast,CL:0000115,endothelial cell,3,0.2500,CL:0000057,fibroblast,-1,0.3333,CL:0000057,fibroblast,-1,0.4000,CL:0000057,fibroblast
34,34,34,GOSH,neuroblastoma tissue,"GRHL2,RP11-167J8.3,LINC01511,RP5-1092A11.5,RP11-127L20.5,RP11-24I21.1,AC093627.7,RP11-35G22.1,RP3-441A12.1,RP4-813D12.3,RP11-157E21.1,RP11-736N17.10,AC005197.2,RP11-23F23.2,ALKBH3-AS1,RP11-138I17.1,PRR15,CTC-435M10.3,PLIN4,RGS8",myeloid cell,myeloid cell,CL:0000763,myeloid cell,Neuroblast Cells,epithelial cells,Epithelial Cells,neuroblastoma cells,forebrain neuroblast,CL:1000042,epithelial cell,CL:0000066,epithelial cell,CL:0000066,cell,CL:0000000,13,0.5000,CL:0000763,myeloid cell,CL:0000066,epithelial cell,2,0.3333,CL:0000763,myeloid cell,-1,0.4000,CL:0000763,myeloid cell,13,0.5000,CL:0000763,myeloid cell
35,35,35,GOSH,neuroblastoma tissue,"IGHG2,IGHGP,IGHG3,IGHG4,RP11-768B22.2,IGHG1,FA2H,OR4C6,AC233755.2,IGHV4-28,RP11-686F15.2,LINC01485,PRSS16,RP11-567J20.3,PANDAR,RP11-625L16.3,SAMD7,RP1-148H17.1,CFAP57,FCRL4",B cell,B cell,CL:0000236,B cell,Plasma Cells,plasma cells,B Cells,plasma cells,plasma cell,CL:0000786,plasma cell,CL:0000786,b cell,CL:0000236,plasma cell,CL:0000786,0,1.0000,CL:0000236,B cell,CL:0000786,plasma cell,-1,0.6667,CL:0000236,B cell,-1,0.6667,CL:0000236,B cell,-1,0.6667,CL:0000236,B cell
36,36,36,GOSH,neuroblastoma tissue,"LIM2,FGFBP2,KLRF1,NCR1,SPON2,LRRC43,S1PR5,SH2D1B,DTHD1,SLC1A7,PRF1,KLRC1,KRT72,B3GNT7,GNLY,MYOM2,LGALS9B,KIR2DL3,CLIC3,LGR6",natural killer cell,natural killer cell,CL:0000623,t/nk cell,Natural Killer Cells,natural killer cells,Natural Killer Cells,natural killer cells,natural killer cell,CL:0000623,natural killer cell,CL:0000623,natural killer cell,CL:0000623,natural killer cell,CL:0000623,0,1.0000,CL:0000623,natural killer cell,CL:0000623,natural killer cell,0,1.0000,CL:0000623,natural killer cell,0,1.0000,CL:0000623,natural killer cell,0,1.0000,CL:0000623,natural killer cell
37,37,37,GOSH,neuroblastoma tissue,"RP11-265P11.1,CTD-2215E18.1,LINC01013,RP11-524N5.1,IGHD,RP11-553K8.2,RP5-887A10.1,RP3-416J7.4,BEST3,RP11-693J15.5,GYLTL1B,RP3-431P23.5,LINC00926,FCER2,SLC23A1,TCL1B,CLLU1,MS4A1,COL19A1,RP11-164H13.1",B cell,B cell,CL:0000236,B cell,Neuroblast Cells,fibroblasts,Neuronal Cells,neuroblastoma cells,forebrain neuroblast,CL:1000042,fibroblast,CL:0000057,neuronal receptor cell,CL:0000006,cell,CL:0000000,-1,0.2222,CL:0000236,B cell,CL:0000057,fibroblast,6,0.1429,CL:0000236,B cell,-1,0.2222,CL:0000236,B cell,-1,0.2222,CL:0000236,B cell
38,38,38,GOSH,neuroblastoma tissue,"LINC00211,RP11-552D4.1,OLIG1,RP11-362F19.3,CTC-490G23.2,RP11-561P12.5,CLEC6A,PPP1R17,RP11-737O24.5,RP11-362F19.1,S100A12,IRG1,HAL,VSTM1,RP11-764K9.1,LIPN,S100A9,CLEC4D,S100A8,SLC24A4",myeloid cell,myeloid cell,CL:0000763,myeloid cell,Neuroblast Cells,endothelial cells,Neuronal Cells,neuroblastoma cells,forebrain neuroblast,CL:1000042,endothelial cell,CL:0000115,neuronal receptor cell,CL:0000006,cell,CL:0000000,-1,0.4000,CL:0000763,myeloid cell,CL:0000115,endothelial cell,2,0.3333,CL:0000763,myeloid cell,-1,0.4000,CL:0000763,myeloid cell,-1,0.5000,CL:0000763,myeloid cell
39,39,39,GOSH,neuroblastoma tissue,"DBX2,LINC01351,LRRC71,ENOX1-AS1,NPFF,RP4-753F5.1,NKX6-2,TSPY2,AC105402.4,RP11-49P4.7,RP11-29B2.6,AC007250.4,CIDEA,POF1B,UNC5B-AS1,CTD-2313P7.1,RP11-403A21.1,RP11-62H20.1,RP11-147C23.1,CTD-2523D13.2",neuroblastoma cell,neuroendocrine cell,CL:0000165,neuron,Neuroblast Cells,neuronal progenitor cells,Neuronal Cells,neuroblastoma cells,forebrain neuroblast,CL:1000042,progenitor cell,CL:0011026,neuronal receptor cell,CL:0000006,cell,CL:0000000,-1,0.4444,CL:0000165,neuroendocrine cell,CL:0011026,progenitor cell,3,0.2500,CL:0000165,neuroendocrine cell,-1,0.4286,CL:0000165,neuroendocrine cell,-1,0.4000,CL:0000165,neuroendocrine cell
40,40,40,GOSH,neuroblastoma tissue,"MDGA2,RALYL,RP11-746B8.1,CTC-575N7.1,HCRTR2,WNT6,SST,NPAS4,TMEM132D,RP11-446H18.6,LINC00951,RP11-168K9.2,TMEM132E,RP11-1109F11.5,GRIN2A,TENM2,VIP,RP11-283G6.4,LRFN2,ADCY5",neuroblastoma cell,neuroendocrine cell,CL:0000166,neuron,Neuroblasts,neural cells,Neurons,neuroblastoma cells,neuroblast (sensu Vertebrata),CL:0000031,neural cell,CL:0002319,neuron,CL:0000540,cell,CL:0000000,2,0.6667,CL:0000166,neuroendocrine cell,CL:0002319,neural cell,5,0.2000,CL:0000166,neuroendocrine cell,3,0.2857,CL:0000166,neuroendocrine cell,3,0.5000,CL:0000166,neuroendocrine cell
41,41,41,GOSH,neuroblastoma tissue,"KRT73-AS1,KRT1,ST6GALNAC1,ANKRD55,RP11-664D1.1,HBE1,TSPO2,GCNT4,NOG,REG4,PASK,C9orf135,PRKG2,RP1-187B23.1,ERVH48-1,AC097713.4,ADTRP,TRBV28,MDS2,CELA1",T cell,T cell,CL:0000084,t/nk cell,"Neuroblasts, Keratinocytes  ",epithelial cells,Keratinocytes,differentiated neuroblastoma cells,keratinocyte,CL:0000312,epithelial cell,CL:0000066,keratinocyte,CL:0000312,non-terminally differentiated cell,CL:0000055,-1,0.2222,CL:0000084,T cell,CL:0000066,epithelial cell,13,0.1250,CL:0000084,T cell,-1,0.2222,CL:0000084,T cell,12,0.2857,CL:0000084,T cell
42,42,42,GOSH,neuroblastoma tissue,"RSPO4,GABRA5,RP11-91P17.1,RP11-546B8.6,HAPLN4,AGXT,RP5-968D22.1,RP11-1038A11.3,FEV,ALX3,ABCA12,ZNF560,ASCL1,LINC01563,AC093375.1,RP11-197K6.1,ARL9,MUC4,RP11-129M6.1,AC002076.10",neuroblastoma cell,neuroendocrine cell,CL:0000166,neuron,Neuroblasts,neural cells,Neural stem cells,neural progenitor cells,neuroblast (sensu Vertebrata),CL:0000031,neural cell,CL:0002319,neural stem cell,CL:0000047,neural progenitor cell,CL:0011020,-1,0.4286,CL:0000166,neuroendocrine cell,CL:0002319,neural cell,-1,0.1250,CL:0000166,neuroendocrine cell,3,0.2857,CL:0000166,neuroendocrine cell,3,0.5000,CL:0000166,neuroendocrine cell
43,43,43,GOSH,neuroblastoma tissue,"CCL18,RP11-20G13.3,RP11-489O18.1,APOC4-APOC2,SIGLEC8,RP11-202G18.1,TREM2,RP3-369A17.4,DNASE2B,CTB-138E5.1,BIRC7,ADAMDEC1,RP11-212I21.5,RP11-10J5.1,MMP12,TNFSF18,MMP1,LINC01305,APOC2,SDS",myeloid cell,myeloid cell,CL:0000763,myeloid cell,"Neuroblasts, Lymphocytes",immune cells,Macrophages,inflammatory cells,lymphocyte,CL:0000542,leukocyte,CL:0000738,macrophage,CL:0000235,inflammatory cell,CL:0009002,-1,0.6000,CL:0000763,myeloid cell,CL:0000738,leukocyte,-1,0.2500,CL:0000763,myeloid cell,-1,0.3333,CL:0000763,myeloid cell,-1,0.5000,CL:0000763,myeloid cell
44,44,44,GOSH,neuroblastoma tissue,"RP5-997D24.3,TRAV27,CCL1,RP11-357H14.17,UNQ6494,CTD-3195I5.3,AP001171.1,LINC00880,IL26,CXCL13,TRBV18,FOXP3,RP11-764E7.1,TRAV36DV7,GBP7,PVALB,RP11-403B2.7,PCAT29,GML,AC017002.1",T cell,T cell,CL:0000084,t/nk cell,"Neuroblasts, Lymphocytes",immune cells,T cells,immune cells,lymphocyte,CL:0000542,leukocyte,CL:0000738,t cell,CL:0000084,leukocyte,CL:0000738,0,1.0000,CL:0000084,T cell,CL:0000738,leukocyte,3,0.5000,CL:0000084,T cell,1,0.8333,CL:0000084,T cell,3,0.5000,CL:0000084,T cell
45,45,45,GOSH,neuroblastoma tissue,"ZNF488,GLRA2,RP11-126K15.1,GRK1,CTD-2659N19.2,PRSS8,AC097381.1,GRM2,AC015849.16,RP4-585I14.3,AC016629.3,RP11-31E13.2,PBK,TRBV23OR9-2,RP11-845C23.3,RP13-672B3.2,AC068057.1,PRH1-PRR4,LINC01264,LINC00403",neuroblastoma cell,neuroendocrine cell,CL:0000166,neuron,Neuroblasts,neural cells,Neurons,neuronal cells,neuroblast (sensu Vertebrata),CL:0000031,neural cell,CL:0002319,neuron,CL:0000540,neuronal receptor cell,CL:0000006,2,0.6667,CL:0000166,neuroendocrine cell,CL:0002319,neural cell,-1,0.4444,CL:0000166,neuroendocrine cell,3,0.2857,CL:0000166,neuroendocrine cell,3,0.5000,CL:0000166,neuroendocrine cell
46,46,46,GOSH,neuroblastoma tissue,"RP11-71G12.1,RFPL4A,RFPL4AL1,SPACA3,RP11-476B1.1,RP11-164P12.3,AC005307.1,RP11-731D1.4,CLEC9A,LINC01531,NLRP7,KRT5,SCT,RP11-73G16.2,XCR1,LLNLR-304G9.1,LRRC26,RP11-798K3.3,SLC12A3,CTB-50L17.9",myeloid cell,myeloid cell,CL:0000763,myeloid cell,Neuroblasts,neural cells,Neurons,glial cells,neuroblast (sensu Vertebrata),CL:0000031,neural cell,CL:0002319,neuron,CL:0000540,glial cell,CL:0000125,9,0.4000,CL:0000763,myeloid cell,CL:0002319,neural cell,-1,0.3333,CL:0000763,myeloid cell,10,0.5000,CL:0000763,myeloid cell,9,0.5000,CL:0000763,myeloid cell
47,47,47,GOSH,neuroblastoma tissue,"C6orf141,RP11-567J20.2,TM4SF1-AS1,GJA5,GDF3,SELE,CCL14,EMCN,STAB2,FCN3,ESM1,SOX18,ADGRL4,MMRN2,RP11-327L3.3,RP11-286H15.1,HOXB8,SLCO2A1,AP005530.2,ANO2",endothelial cell,endothelial cell,CL:0000115,endothelial cell,Neuroblasts,unknown cell type,Eosinophils,stromal cells,neuroblast (sensu Vertebrata),CL:0000031,type B pancreatic cell,CL:0000169,eosinophil,CL:0000771,stromal cell,CL:0000499,-1,0.2857,CL:0000115,endothelial cell,CL:0000169,type B pancreatic cell,-1,0.4000,CL:0000115,endothelial cell,10,0.5000,CL:0000115,endothelial cell,-1,0.4000,CL:0000115,endothelial cell
48,48,48,GOSH,neuroblastoma tissue,"TPSAB1,TPSB2,TPSD1,MTTP,KRT25,AC005780.1,HDC,AC004791.2,AC024704.2,KRT83,RP11-264I13.2,RP11-187E13.1,FAM53B-AS1,PMCH,CALB2,TRBV4-1,TRAV41,IL13,FGG,CPA3",,T cell,CL:0000084,t/nk cell,"Neuroblasts, Mast Cells",mast cells,Mast cells,tumor-associated macrophages,mast cell,CL:0000097,mast cell,CL:0000097,mast cell,CL:0000097,border associated macrophage,CL:4042003,-1,0.3750,CL:0000084,T cell,CL:0000097,mast cell,-1,0.3636,CL:0000084,T cell,-1,0.3750,CL:0000084,T cell,-1,0.3750,CL:0000084,T cell
49,49,49,GOSH,neuroblastoma tissue,"RP11-402G3.3,KIRREL2,TEX13D,CTD-2616J11.14,PKLR,CTC-338M12.6,AF064858.6,RP11-356I2.1,HIST1H1B,RP11-20B24.2,RP11-1035H13.3,RP11-489D6.2,HIST1H3G,NMU,E2F8,HIST1H2AJ,CTA-392E5.1,DLGAP5,CENPA,CENPE",T cell,T cell,CL:0000084,t/nk cell,Neuroblasts,endothelial cells,Neurons,mesenchymal stem cells,neuroblast (sensu Vertebrata),CL:0000031,endothelial cell,CL:0000115,neuron,CL:0000540,mesenchymal stem cell,CL:0000134,11,0.2500,CL:0000084,T cell,CL:0000115,endothelial cell,6,0.2500,CL:0000084,T cell,12,0.2857,CL:0000084,T cell,-1,0.2857,CL:0000084,T cell
50,50,50,GOSH,neuroblastoma tissue,"DSC3,SGCG,LINC01048,MASP1,LINC01564,SCARA5,RP11-125O18.1,SPRR2F,ITIH3,RP11-17A4.3,C1QTNF7,MATN4,CSN3,RP11-262A16.1,VGLL3,GLP2R,KRT24,LINC01028,LMO7DN,PCOLCE2",fibroblast,fibroblast,CL:0000057,fibroblast,Neuroblast Cells,neuroepithelial cells,Neuroblastoma tumor cells,neuroblastoma,forebrain neuroblast,CL:1000042,sensory epithelial cell,CL:0000098,neoplastic cell,CL:0001063,neural crest cell,CL:0011012,-1,0.1667,CL:0000057,fibroblast,CL:0000098,sensory epithelial cell,-1,0.2857,CL:0000057,fibroblast,-1,0.3333,CL:0000057,fibroblast,-1,0.3333,CL:0000057,fibroblast
51,51,51,GOSH,neuroblastoma tissue,"RP11-865I6.2,C4B,RP11-598F7.5,JPH2,RERGL,COL10A1,TDO2,FHL5,RP11-91J3.3,CHAD,MYOD1,BMP5,WWC2-AS2,GSTA3,C4A,BHLHE22,THBS4,EN1,SIX2,HSD3B2",fibroblast,fibroblast,CL:0000057,fibroblast,Neuroblast Cells,lymphocytes,Neuroblastoma tumor cells,neuroblastoma,forebrain neuroblast,CL:1000042,lymphocyte,CL:0000542,neoplastic cell,CL:0001063,neural crest cell,CL:0011012,-1,0.1667,CL:0000057,fibroblast,CL:0000542,lymphocyte,-1,0.2857,CL:0000057,fibroblast,-1,0.3333,CL:0000057,fibroblast,-1,0.2857,CL:0000057,fibroblast
52,52,52,GOSH,neuroblastoma tissue,"GRHL2,RP11-167J8.3,LINC01511,RP5-1092A11.5,RP11-127L20.5,RP11-24I21.1,AC093627.7,RP11-35G22.1,RP3-441A12.1,RP4-813D12.3,RP11-157E21.1,RP11-736N17.10,AC005197.2,RP11-23F23.2,ALKBH3-AS1,RP11-138I17.1,PRR15,CTC-435M10.3,PLIN4,RGS8",myeloid cell,myeloid cell,CL:0000763,myeloid cell,Neuroblast Cells,epithelial cells,Neuroblastoma tumor cells,neuroblastoma,forebrain neuroblast,CL:1000042,epithelial cell,CL:0000066,neoplastic cell,CL:0001063,neural crest cell,CL:0011012,-1,0.2000,CL:0000763,myeloid cell,CL:0000066,epithelial cell,-1,0.3333,CL:0000763,myeloid cell,-1,0.4000,CL:0000763,myeloid cell,13,0.5000,CL:0000763,myeloid cell
53,53,53,GOSH,neuroblastoma tissue,"IGHG2,IGHGP,IGHG3,IGHG4,RP11-768B22.2,IGHG1,FA2H,OR4C6,AC233755.2,IGHV4-28,RP11-686F15.2,LINC01485,PRSS16,RP11-567J20.3,PANDAR,RP11-625L16.3,SAMD7,RP1-148H17.1,CFAP57,FCRL4",B cell,B cell,CL:0000236,B cell,Plasma Cells,B cells,B Cells,B cells,plasma cell,CL:0000786,b cell,CL:0000236,b cell,CL:0000236,b cell,CL:0000236,0,1.0000,CL:0000236,B cell,CL:0000236,b cell,0,1.0000,CL:0000236,B cell,-1,0.6667,CL:0000236,B cell,0,1.0000,CL:0000236,B cell
54,54,54,GOSH,neuroblastoma tissue,"LIM2,FGFBP2,KLRF1,NCR1,SPON2,LRRC43,S1PR5,SH2D1B,DTHD1,SLC1A7,PRF1,KLRC1,KRT72,B3GNT7,GNLY,MYOM2,LGALS9B,KIR2DL3,CLIC3,LGR6",natural killer cell,natural killer cell,CL:0000623,t/nk cell,Natural Killer Cells,NK cells,Natural Killer cells,natural killer cells,natural killer cell,CL:0000623,natural killer cell,CL:0000623,natural killer cell,CL:0000623,natural killer cell,CL:0000623,0,1.0000,CL:0000623,natural killer cell,CL:0000623,natural killer cell,0,1.0000,CL:0000623,natural killer cell,0,1.0000,CL:0000623,natural killer cell,0,1.0000,CL:0000623,natural killer cell
55,55,55,GOSH,neuroblastoma tissue,"RP11-265P11.1,CTD-2215E18.1,LINC01013,RP11-524N5.1,IGHD,RP11-553K8.2,RP5-887A10.1,RP3-416J7.4,BEST3,RP11-693J15.5,GYLTL1B,RP3-431P23.5,LINC00926,FCER2,SLC23A1,TCL1B,CLLU1,MS4A1,COL19A1,RP11-164H13.1",B cell,B cell,CL:0000236,B cell,Neuroblast Cells,fibroblasts,Neuroblastoma tumor cells,neuroblastoma,forebrain neuroblast,CL:1000042,fibroblast,CL:0000057,neoplastic cell,CL:0001063,neural crest cell,CL:0011012,-1,0.1111,CL:0000236,B cell,CL:0000057,fibroblast,-1,0.2000,CL:0000236,B cell,-1,0.2222,CL:0000236,B cell,-1,0.2222,CL:0000236,B cell
56,56,56,GOSH,neuroblastoma tissue,"LINC00211,RP11-552D4.1,OLIG1,RP11-362F19.3,CTC-490G23.2,RP11-561P12.5,CLEC6A,PPP1R17,RP11-737O24.5,RP11-362F19.1,S100A12,IRG1,HAL,VSTM1,RP11-764K9.1,LIPN,S100A9,CLEC4D,S100A8,SLC24A4",myeloid cell,myeloid cell,CL:0000763,myeloid cell,Neuroblast Cells,neuroepithelial cells,Neuroblastoma tumor cells,neuroblastoma,forebrain neuroblast,CL:1000042,sensory epithelial cell,CL:0000098,neoplastic cell,CL:0001063,neural crest cell,CL:0011012,-1,0.2000,CL:0000763,myeloid cell,CL:0000098,sensory epithelial cell,-1,0.3333,CL:0000763,myeloid cell,-1,0.4000,CL:0000763,myeloid cell,-1,0.4000,CL:0000763,myeloid cell
57,57,57,GOSH,neuroblastoma tissue,"DBX2,LINC01351,LRRC71,ENOX1-AS1,NPFF,RP4-753F5.1,NKX6-2,TSPY2,AC105402.4,RP11-49P4.7,RP11-29B2.6,AC007250.4,CIDEA,POF1B,UNC5B-AS1,CTD-2313P7.1,RP11-403A21.1,RP11-62H20.1,RP11-147C23.1,CTD-2523D13.2",neuroblastoma cell,neuroendocrine cell,CL:0000165,neuron,Neuroblast Cells,neural progenitor cells,Neuroblastoma tumor cells,neuroblastoma,forebrain neuroblast,CL:1000042,neural progenitor cell,CL:0011020,neoplastic cell,CL:0001063,neural crest cell,CL:0011012,-1,0.1667,CL:0000165,neuroendocrine cell,CL:0011020,neural progenitor cell,-1,0.2857,CL:0000165,neuroendocrine cell,-1,0.4286,CL:0000165,neuroendocrine cell,-1,0.1429,CL:0000165,neuroendocrine cell
58,58,58,GOSH,neuroblastoma tissue,"MDGA2,RALYL,RP11-746B8.1,CTC-575N7.1,HCRTR2,WNT6,SST,NPAS4,TMEM132D,RP11-446H18.6,LINC00951,RP11-168K9.2,TMEM132E,RP11-1109F11.5,GRIN2A,TENM2,VIP,RP11-283G6.4,LRFN2,ADCY5",neuroblastoma cell,neuroendocrine cell,CL:0000166,neuron,Neuroblast Cells,neuronal cells,Neuroblastoma tumor cells,neuroblastoma,forebrain neuroblast,CL:1000042,neuronal receptor cell,CL:0000006,neoplastic cell,CL:0001063,neural crest cell,CL:0011012,-1,0.1429,CL:0000166,neuroendocrine cell,CL:0000006,neuronal receptor cell,4,0.2222,CL:0000166,neuroendocrine cell,-1,0.4286,CL:0000166,neuroendocrine cell,-1,0.4444,CL:0000166,neuroendocrine cell
59,59,59,GOSH,neuroblastoma tissue,"KRT73-AS1,KRT1,ST6GALNAC1,ANKRD55,RP11-664D1.1,HBE1,TSPO2,GCNT4,NOG,REG4,PASK,C9orf135,PRKG2,RP1-187B23.1,ERVH48-1,AC097713.4,ADTRP,TRBV28,MDS2,CELA1",T cell,T cell,CL:0000084,t/nk cell,Epidermal Cells,epithelial cells,Epithelial Cells,keratinocytes,epidermal cell,CL:0000362,epithelial cell,CL:0000066,epithelial cell,CL:0000066,keratinocyte,CL:0000312,12,0.2857,CL:0000084,T cell,CL:0000066,epithelial cell,-1,0.2222,CL:0000084,T cell,-1,0.2222,CL:0000084,T cell,12,0.2857,CL:0000084,T cell
60,60,60,GOSH,neuroblastoma tissue,"RSPO4,GABRA5,RP11-91P17.1,RP11-546B8.6,HAPLN4,AGXT,RP5-968D22.1,RP11-1038A11.3,FEV,ALX3,ABCA12,ZNF560,ASCL1,LINC01563,AC093375.1,RP11-197K6.1,ARL9,MUC4,RP11-129M6.1,AC002076.10",neuroblastoma cell,neuroendocrine cell,CL:0000166,neuron,Neuroblast Cells,neuroblastoma,neuroblastoma,neuroblastoma cells,forebrain neuroblast,CL:1000042,neural crest cell,CL:0011012,neural crest cell,CL:0011012,cell,CL:0000000,4,0.2222,CL:0000166,neuroendocrine cell,CL:0011012,neural crest cell,5,0.2000,CL:0000166,neuroendocrine cell,-1,0.4286,CL:0000166,neuroendocrine cell,4,0.2222,CL:0000166,neuroendocrine cell
61,61,61,GOSH,neuroblastoma tissue,"CCL18,RP11-20G13.3,RP11-489O18.1,APOC4-APOC2,SIGLEC8,RP11-202G18.1,TREM2,RP3-369A17.4,DNASE2B,CTB-138E5.1,BIRC7,ADAMDEC1,RP11-212I21.5,RP11-10J5.1,MMP12,TNFSF18,MMP1,LINC01305,APOC2,SDS",myeloid cell,myeloid cell,CL:0000763,myeloid cell,Tumor Associated Macrophages,neuroblastoma,neuroblastoma,immune cells,border associated macrophage,CL:4042003,neural crest cell,CL:0011012,neural crest cell,CL:0011012,leukocyte,CL:0000738,-1,0.3333,CL:0000763,myeloid cell,CL:0011012,neural crest cell,-1,0.5000,CL:0000763,myeloid cell,-1,0.4286,CL:0000763,myeloid cell,-1,0.3333,CL:0000763,myeloid cell
62,62,62,GOSH,neuroblastoma tissue,"RP5-997D24.3,TRAV27,CCL1,RP11-357H14.17,UNQ6494,CTD-3195I5.3,AP001171.1,LINC00880,IL26,CXCL13,TRBV18,FOXP3,RP11-764E7.1,TRAV36DV7,GBP7,PVALB,RP11-403B2.7,PCAT29,GML,AC017002.1",T cell,T cell,CL:0000084,t/nk cell,T Cells,neuroblastoma,neuroblastoma,neuroblastoma cells,t cell,CL:0000084,neural crest cell,CL:0011012,neural crest cell,CL:0011012,cell,CL:0000000,-1,0.2222,CL:0000084,T cell,CL:0011012,neural crest cell,5,0.1667,CL:0000084,T cell,0,1.0000,CL:0000084,T cell,-1,0.2222,CL:0000084,T cell
63,63,63,GOSH,neuroblastoma tissue,"ZNF488,GLRA2,RP11-126K15.1,GRK1,CTD-2659N19.2,PRSS8,AC097381.1,GRM2,AC015849.16,RP4-585I14.3,AC016629.3,RP11-31E13.2,PBK,TRBV23OR9-2,RP11-845C23.3,RP13-672B3.2,AC068057.1,PRH1-PRR4,LINC01264,LINC00403",neuroblastoma cell,neuroendocrine cell,CL:0000166,neuron,Glial Cells,neuroblastoma,neuroblastoma,neuroblastoma cells,glial cell,CL:0000125,neural crest cell,CL:0011012,neural crest cell,CL:0011012,cell,CL:0000000,4,0.2222,CL:0000166,neuroendocrine cell,CL:0011012,neural crest cell,5,0.2000,CL:0000166,neuroendocrine cell,-1,0.3750,CL:0000166,neuroendocrine cell,4,0.2222,CL:0000166,neuroendocrine cell
64,64,64,GOSH,neuroblastoma tissue,"RP11-71G12.1,RFPL4A,RFPL4AL1,SPACA3,RP11-476B1.1,RP11-164P12.3,AC005307.1,RP11-731D1.4,CLEC9A,LINC01531,NLRP7,KRT5,SCT,RP11-73G16.2,XCR1,LLNLR-304G9.1,LRRC26,RP11-798K3.3,SLC12A3,CTB-50L17.9",myeloid cell,myeloid cell,CL:0000763,myeloid cell,Cancer Stem Cells,neuroblastoma,neuroblastoma,neuroblastoma cells,stem cell,CL:0000034,neural crest cell,CL:0011012,neural crest cell,CL:0011012,cell,CL:0000000,-1,0.3333,CL:0000763,myeloid cell,CL:0011012,neural crest cell,2,0.3333,CL:0000763,myeloid cell,6,0.5000,CL:0000763,myeloid cell,-1,0.3333,CL:0000763,myeloid cell
65,65,65,GOSH,neuroblastoma tissue,"C6orf141,RP11-567J20.2,TM4SF1-AS1,GJA5,GDF3,SELE,CCL14,EMCN,STAB2,FCN3,ESM1,SOX18,ADGRL4,MMRN2,RP11-327L3.3,RP11-286H15.1,HOXB8,SLCO2A1,AP005530.2,ANO2",endothelial cell,endothelial cell,CL:0000115,endothelial cell,Endothelial Cells,neuroblastoma,neuroblastoma,neuroblastoma cells,endothelial cell,CL:0000115,neural crest cell,CL:0011012,neural crest cell,CL:0011012,cell,CL:0000000,-1,0.3333,CL:0000115,endothelial cell,CL:0011012,neural crest cell,2,0.3333,CL:0000115,endothelial cell,0,1.0000,CL:0000115,endothelial cell,-1,0.3333,CL:0000115,endothelial cell
66,66,66,GOSH,neuroblastoma tissue,"TPSAB1,TPSB2,TPSD1,MTTP,KRT25,AC005780.1,HDC,AC004791.2,AC024704.2,KRT83,RP11-264I13.2,RP11-187E13.1,FAM53B-AS1,PMCH,CALB2,TRBV4-1,TRAV41,IL13,FGG,CPA3",,T cell,CL:0000084,t/nk cell,Mast Cells,mast cells,mast cells,immune cells,mast cell,CL:0000097,mast cell,CL:0000097,mast cell,CL:0000097,leukocyte,CL:0000738,-1,0.3750,CL:0000084,T cell,CL:0000097,mast cell,3,0.5000,CL:0000084,T cell,-1,0.3750,CL:0000084,T cell,-1,0.3750,CL:0000084,T cell
67,67,67,GOSH,neuroblastoma tissue,"RP11-402G3.3,KIRREL2,TEX13D,CTD-2616J11.14,PKLR,CTC-338M12.6,AF064858.6,RP11-356I2.1,HIST1H1B,RP11-20B24.2,RP11-1035H13.3,RP11-489D6.2,HIST1H3G,NMU,E2F8,HIST1H2AJ,CTA-392E5.1,DLGAP5,CENPA,CENPE",T cell,T cell,CL:0000084,t/nk cell,Kidney Cells,neuroblastoma,neuroblastoma,neuroblastoma cells,kidney cell,CL:1000497,neural crest cell,CL:0011012,neural crest cell,CL:0011012,cell,CL:0000000,-1,0.2222,CL:0000084,T cell,CL:0011012,neural crest cell,5,0.1667,CL:0000084,T cell,-1,0.2857,CL:0000084,T cell,-1,0.2222,CL:0000084,T cell
68,68,68,GOSH,neuroblastoma tissue,"DSC3,SGCG,LINC01048,MASP1,LINC01564,SCARA5,RP11-125O18.1,SPRR2F,ITIH3,RP11-17A4.3,C1QTNF7,MATN4,CSN3,RP11-262A16.1,VGLL3,GLP2R,KRT24,LINC01028,LMO7DN,PCOLCE2",fibroblast,fibroblast,CL:0000057,fibroblast,Keratinocytes,neuroblastoma,neuroblastoma,muscle cells,keratinocyte,CL:0000312,neural crest cell,CL:0011012,neural crest cell,CL:0011012,muscle cell,CL:0000187,-1,0.2857,CL:0000057,fibroblast,CL:0011012,neural crest cell,24,0.4000,CL:0000057,fibroblast,-1,0.2857,CL:0000057,fibroblast,-1,0.2857,CL:0000057,fibroblast
69,69,69,GOSH,neuroblastoma tissue,"RP11-865I6.2,C4B,RP11-598F7.5,JPH2,RERGL,COL10A1,TDO2,FHL5,RP11-91J3.3,CHAD,MYOD1,BMP5,WWC2-AS2,GSTA3,C4A,BHLHE22,THBS4,EN1,SIX2,HSD3B2",fibroblast,fibroblast,CL:0000057,fibroblast,Liver Cells,neuroblastoma,immune cells,immune cells,liver dendritic cell,CL:2000055,neural crest cell,CL:0011012,leukocyte,CL:0000738,leukocyte,CL:0000738,-1,0.4000,CL:0000057,fibroblast,CL:0011012,neural crest cell,-1,0.4000,CL:0000057,fibroblast,-1,0.2500,CL:0000057,fibroblast,-1,0.2857,CL:0000057,fibroblast
70,70,70,GOSH,neuroblastoma tissue,"GRHL2,RP11-167J8.3,LINC01511,RP5-1092A11.5,RP11-127L20.5,RP11-24I21.1,AC093627.7,RP11-35G22.1,RP3-441A12.1,RP4-813D12.3,RP11-157E21.1,RP11-736N17.10,AC005197.2,RP11-23F23.2,ALKBH3-AS1,RP11-138I17.1,PRR15,CTC-435M10.3,PLIN4,RGS8",myeloid cell,myeloid cell,CL:0000763,myeloid cell,Neuroblast Cells,Neuroblastoma cells,Epithelial cells,neuroblastoma,forebrain neuroblast,CL:1000042,cell,CL:0000000,epithelial cell,CL:0000066,neural crest cell,CL:0011012,13,0.5000,CL:0000763,myeloid cell,CL:0000000,cell,-1,0.3333,CL:0000763,myeloid cell,-1,0.4000,CL:0000763,myeloid cell,2,0.3333,CL:0000763,myeloid cell
71,71,71,GOSH,neuroblastoma tissue,"IGHG2,IGHGP,IGHG3,IGHG4,RP11-768B22.2,IGHG1,FA2H,OR4C6,AC233755.2,IGHV4-28,RP11-686F15.2,LINC01485,PRSS16,RP11-567J20.3,PANDAR,RP11-625L16.3,SAMD7,RP1-148H17.1,CFAP57,FCRL4",B cell,B cell,CL:0000236,B cell,Plasma Cells,Plasma cells,B cells,B cells,plasma cell,CL:0000786,plasma cell,CL:0000786,b cell,CL:0000236,b cell,CL:0000236,0,1.0000,CL:0000236,B cell,CL:0000786,plasma cell,0,1.0000,CL:0000236,B cell,-1,0.6667,CL:0000236,B cell,-1,0.6667,CL:0000236,B cell
72,72,72,GOSH,neuroblastoma tissue,"LIM2,FGFBP2,KLRF1,NCR1,SPON2,LRRC43,S1PR5,SH2D1B,DTHD1,SLC1A7,PRF1,KLRC1,KRT72,B3GNT7,GNLY,MYOM2,LGALS9B,KIR2DL3,CLIC3,LGR6",natural killer cell,natural killer cell,CL:0000623,t/nk cell,Natural Killer Cells,Natural killer cells,Natural killer (NK) cells,natural killer cells,natural killer cell,CL:0000623,natural killer cell,CL:0000623,natural killer cell,CL:0000623,natural killer cell,CL:0000623,0,1.0000,CL:0000623,natural killer cell,CL:0000623,natural killer cell,0,1.0000,CL:0000623,natural killer cell,0,1.0000,CL:0000623,natural killer cell,0,1.0000,CL:0000623,natural killer cell
73,73,73,GOSH,neuroblastoma tissue,"RP11-265P11.1,CTD-2215E18.1,LINC01013,RP11-524N5.1,IGHD,RP11-553K8.2,RP5-887A10.1,RP3-416J7.4,BEST3,RP11-693J15.5,GYLTL1B,RP3-431P23.5,LINC00926,FCER2,SLC23A1,TCL1B,CLLU1,MS4A1,COL19A1,RP11-164H13.1",B cell,B cell,CL:0000236,B cell,Neuroblast Cells,"Uncertain, insufficient information for specific cell type determination",Neural cells,unknown,forebrain neuroblast,CL:1000042,type EC enteroendocrine cell,CL:0000577,neural cell,CL:0002319,cyanophore,CL:0000747,12,0.2500,CL:0000236,B cell,CL:0000577,type EC enteroendocrine cell,-1,0.2500,CL:0000236,B cell,-1,0.2222,CL:0000236,B cell,-1,0.2000,CL:0000236,B cell
74,74,74,GOSH,neuroblastoma tissue,"LINC00211,RP11-552D4.1,OLIG1,RP11-362F19.3,CTC-490G23.2,RP11-561P12.5,CLEC6A,PPP1R17,RP11-737O24.5,RP11-362F19.1,S100A12,IRG1,HAL,VSTM1,RP11-764K9.1,LIPN,S100A9,CLEC4D,S100A8,SLC24A4",myeloid cell,myeloid cell,CL:0000763,myeloid cell,Neuroblast Cells,"Uncertain, insufficient information for specific cell type determination",Neural cells,unknown,forebrain neuroblast,CL:1000042,type EC enteroendocrine cell,CL:0000577,neural cell,CL:0002319,cyanophore,CL:0000747,9,0.5000,CL:0000763,myeloid cell,CL:0000577,type EC enteroendocrine cell,-1,0.5000,CL:0000763,myeloid cell,-1,0.4000,CL:0000763,myeloid cell,-1,0.3333,CL:0000763,myeloid cell
75,75,75,GOSH,neuroblastoma tissue,"DBX2,LINC01351,LRRC71,ENOX1-AS1,NPFF,RP4-753F5.1,NKX6-2,TSPY2,AC105402.4,RP11-49P4.7,RP11-29B2.6,AC007250.4,CIDEA,POF1B,UNC5B-AS1,CTD-2313P7.1,RP11-403A21.1,RP11-62H20.1,RP11-147C23.1,CTD-2523D13.2",neuroblastoma cell,neuroendocrine cell,CL:0000165,neuron,Neuroblast Cells,"Uncertain, insufficient information for specific cell type determination",Neural progenitor cells,unknown,forebrain neuroblast,CL:1000042,type EC enteroendocrine cell,CL:0000577,neural progenitor cell,CL:0011020,cyanophore,CL:0000747,-1,0.1429,CL:0000165,neuroendocrine cell,CL:0000577,type EC enteroendocrine cell,-1,0.4000,CL:0000165,neuroendocrine cell,-1,0.4286,CL:0000165,neuroendocrine cell,-1,0.5714,CL:0000165,neuroendocrine cell
76,76,76,GOSH,neuroblastoma tissue,"MDGA2,RALYL,RP11-746B8.1,CTC-575N7.1,HCRTR2,WNT6,SST,NPAS4,TMEM132D,RP11-446H18.6,LINC00951,RP11-168K9.2,TMEM132E,RP11-1109F11.5,GRIN2A,TENM2,VIP,RP11-283G6.4,LRFN2,ADCY5",neuroblastoma cell,neuroendocrine cell,CL:0000166,neuron,Neural Cells,Neurons or neuronal-like cells,Neural cells,unknown,neural cell,CL:0002319,neuronal receptor cell,CL:0000006,neural cell,CL:0002319,cyanophore,CL:0000747,3,0.5000,CL:0000166,neuroendocrine cell,CL:0000006,neuronal receptor cell,-1,0.2857,CL:0000166,neuroendocrine cell,3,0.5000,CL:0000166,neuroendocrine cell,-1,0.4444,CL:0000166,neuroendocrine cell
77,77,77,GOSH,neuroblastoma tissue,"KRT73-AS1,KRT1,ST6GALNAC1,ANKRD55,RP11-664D1.1,HBE1,TSPO2,GCNT4,NOG,REG4,PASK,C9orf135,PRKG2,RP1-187B23.1,ERVH48-1,AC097713.4,ADTRP,TRBV28,MDS2,CELA1",T cell,T cell,CL:0000084,t/nk cell,Keratinocytes,Epithelial cells,Epithelial cells,keratinocytes,keratinocyte,CL:0000312,epithelial cell,CL:0000066,epithelial cell,CL:0000066,keratinocyte,CL:0000312,12,0.2857,CL:0000084,T cell,CL:0000066,epithelial cell,-1,0.2222,CL:0000084,T cell,-1,0.2222,CL:0000084,T cell,12,0.2857,CL:0000084,T cell
78,78,78,GOSH,neuroblastoma tissue,"RSPO4,GABRA5,RP11-91P17.1,RP11-546B8.6,HAPLN4,AGXT,RP5-968D22.1,RP11-1038A11.3,FEV,ALX3,ABCA12,ZNF560,ASCL1,LINC01563,AC093375.1,RP11-197K6.1,ARL9,MUC4,RP11-129M6.1,AC002076.10",neuroblastoma cell,neuroendocrine cell,CL:0000166,neuron,Neuroblast Cells,Neurons or neuronal-like cells,Neural cells,unknown,forebrain neuroblast,CL:1000042,neuronal receptor cell,CL:0000006,neural cell,CL:0002319,cyanophore,CL:0000747,3,0.5000,CL:0000166,neuroendocrine cell,CL:0000006,neuronal receptor cell,-1,0.2857,CL:0000166,neuroendocrine cell,-1,0.4286,CL:0000166,neuroendocrine cell,-1,0.4444,CL:0000166,neuroendocrine cell
79,79,79,GOSH,neuroblastoma tissue,"CCL18,RP11-20G13.3,RP11-489O18.1,APOC4-APOC2,SIGLEC8,RP11-202G18.1,TREM2,RP3-369A17.4,DNASE2B,CTB-138E5.1,BIRC7,ADAMDEC1,RP11-212I21.5,RP11-10J5.1,MMP12,TNFSF18,MMP1,LINC01305,APOC2,SDS",myeloid cell,myeloid cell,CL:0000763,myeloid cell,Macrophages,Macrophages,Macrophages,unknown,macrophage,CL:0000235,macrophage,CL:0000235,macrophage,CL:0000235,cyanophore,CL:0000747,-1,0.6000,CL:0000763,myeloid cell,CL:0000235,macrophage,-1,0.5000,CL:0000763,myeloid cell,-1,0.6000,CL:0000763,myeloid cell,-1,0.6000,CL:0000763,myeloid cell
80,80,80,GOSH,neuroblastoma tissue,"RP5-997D24.3,TRAV27,CCL1,RP11-357H14.17,UNQ6494,CTD-3195I5.3,AP001171.1,LINC00880,IL26,CXCL13,TRBV18,FOXP3,RP11-764E7.1,TRAV36DV7,GBP7,PVALB,RP11-403B2.7,PCAT29,GML,AC017002.1",T cell,T cell,CL:0000084,t/nk cell,Neurons,Neural crest cells,lymphocytes,neuroblastoma cells,neuron,CL:0000540,neural crest cell,CL:0011012,lymphocyte,CL:0000542,cell,CL:0000000,1,0.8333,CL:0000084,T cell,CL:0011012,neural crest cell,5,0.1667,CL:0000084,T cell,11,0.2500,CL:0000084,T cell,-1,0.2222,CL:0000084,T cell
81,81,81,GOSH,neuroblastoma tissue,"ZNF488,GLRA2,RP11-126K15.1,GRK1,CTD-2659N19.2,PRSS8,AC097381.1,GRM2,AC015849.16,RP4-585I14.3,AC016629.3,RP11-31E13.2,PBK,TRBV23OR9-2,RP11-845C23.3,RP13-672B3.2,AC068057.1,PRH1-PRR4,LINC01264,LINC00403",neuroblastoma cell,neuroendocrine cell,CL:0000166,neuron,Neurons,Neural cells,neurons,neuroblastoma cells,neuron,CL:0000540,neural cell,CL:0002319,neuron,CL:0000540,cell,CL:0000000,2,0.6667,CL:0000166,neuroendocrine cell,CL:0002319,neural cell,5,0.2000,CL:0000166,neuroendocrine cell,2,0.6667,CL:0000166,neuroendocrine cell,3,0.5000,CL:0000166,neuroendocrine cell
82,82,82,GOSH,neuroblastoma tissue,"RP11-71G12.1,RFPL4A,RFPL4AL1,SPACA3,RP11-476B1.1,RP11-164P12.3,AC005307.1,RP11-731D1.4,CLEC9A,LINC01531,NLRP7,KRT5,SCT,RP11-73G16.2,XCR1,LLNLR-304G9.1,LRRC26,RP11-798K3.3,SLC12A3,CTB-50L17.9",myeloid cell,myeloid cell,CL:0000763,myeloid cell,Neurons,Neural cells,neurons,neuroblastoma cells,neuron,CL:0000540,neural cell,CL:0002319,neuron,CL:0000540,cell,CL:0000000,9,0.4000,CL:0000763,myeloid cell,CL:0002319,neural cell,2,0.3333,CL:0000763,myeloid cell,9,0.4000,CL:0000763,myeloid cell,9,0.5000,CL:0000763,myeloid cell
83,83,83,GOSH,neuroblastoma tissue,"C6orf141,RP11-567J20.2,TM4SF1-AS1,GJA5,GDF3,SELE,CCL14,EMCN,STAB2,FCN3,ESM1,SOX18,ADGRL4,MMRN2,RP11-327L3.3,RP11-286H15.1,HOXB8,SLCO2A1,AP005530.2,ANO2",endothelial cell,endothelial cell,CL:0000115,endothelial cell,Neurons,Neural cells,glial cells,neuroblastoma cells,neuron,CL:0000540,neural cell,CL:0002319,glial cell,CL:0000125,cell,CL:0000000,-1,0.3333,CL:0000115,endothelial cell,CL:0002319,neural cell,2,0.3333,CL:0000115,endothelial cell,9,0.4000,CL:0000115,endothelial cell,9,0.5000,CL:0000115,endothelial cell
84,84,84,GOSH,neuroblastoma tissue,"TPSAB1,TPSB2,TPSD1,MTTP,KRT25,AC005780.1,HDC,AC004791.2,AC024704.2,KRT83,RP11-264I13.2,RP11-187E13.1,FAM53B-AS1,PMCH,CALB2,TRBV4-1,TRAV41,IL13,FGG,CPA3",,T cell,CL:0000084,t/nk cell,"Neurons, Mast cells",Mast cells,mast cells,mast cells,mast cell,CL:0000097,mast cell,CL:0000097,mast cell,CL:0000097,mast cell,CL:0000097,-1,0.3750,CL:0000084,T cell,CL:0000097,mast cell,-1,0.3750,CL:0000084,T cell,-1,0.3750,CL:0000084,T cell,-1,0.3750,CL:0000084,T cell
85,85,85,GOSH,neuroblastoma tissue,"RP11-402G3.3,KIRREL2,TEX13D,CTD-2616J11.14,PKLR,CTC-338M12.6,AF064858.6,RP11-356I2.1,HIST1H1B,RP11-20B24.2,RP11-1035H13.3,RP11-489D6.2,HIST1H3G,NMU,E2F8,HIST1H2AJ,CTA-392E5.1,DLGAP5,CENPA,CENPE",T cell,T cell,CL:0000084,t/nk cell,Neurons,Neural cells,neurons,neuroblastoma cells,neuron,CL:0000540,neural cell,CL:0002319,neuron,CL:0000540,cell,CL:0000000,11,0.2500,CL:0000084,T cell,CL:0002319,neural cell,5,0.1667,CL:0000084,T cell,11,0.2500,CL:0000084,T cell,11,0.2857,CL:0000084,T cell
86,86,86,GOSH,neuroblastoma tissue,"DSC3,SGCG,LINC01048,MASP1,LINC01564,SCARA5,RP11-125O18.1,SPRR2F,ITIH3,RP11-17A4.3,C1QTNF7,MATN4,CSN3,RP11-262A16.1,VGLL3,GLP2R,KRT24,LINC01028,LMO7DN,PCOLCE2",fibroblast,fibroblast,CL:0000057,fibroblast,Neurons,Muscle cells,glial cells,neuroblastoma cells,neuron,CL:0000540,muscle cell,CL:0000187,glial cell,CL:0000125,cell,CL:0000000,-1,0.2857,CL:0000057,fibroblast,CL:0000187,muscle cell,3,0.2500,CL:0000057,fibroblast,10,0.3333,CL:0000057,fibroblast,24,0.4000,CL:0000057,fibroblast
87,87,87,GOSH,neuroblastoma tissue,"RP11-865I6.2,C4B,RP11-598F7.5,JPH2,RERGL,COL10A1,TDO2,FHL5,RP11-91J3.3,CHAD,MYOD1,BMP5,WWC2-AS2,GSTA3,C4A,BHLHE22,THBS4,EN1,SIX2,HSD3B2",fibroblast,fibroblast,CL:0000057,fibroblast,Neurons,Complement system components,lymphocytes,neuroblastoma cells,neuron,CL:0000540,visual system neuron,CL:0008028,lymphocyte,CL:0000542,cell,CL:0000000,-1,0.2857,CL:0000057,fibroblast,CL:0008028,visual system neuron,3,0.2500,CL:0000057,fibroblast,10,0.3333,CL:0000057,fibroblast,-1,0.2857,CL:0000057,fibroblast
88,88,88,GOSH,neuroblastoma tissue,"GRHL2,RP11-167J8.3,LINC01511,RP5-1092A11.5,RP11-127L20.5,RP11-24I21.1,AC093627.7,RP11-35G22.1,RP3-441A12.1,RP4-813D12.3,RP11-157E21.1,RP11-736N17.10,AC005197.2,RP11-23F23.2,ALKBH3-AS1,RP11-138I17.1,PRR15,CTC-435M10.3,PLIN4,RGS8",myeloid cell,myeloid cell,CL:0000763,myeloid cell,Neurons,Epithelial cells,neurons,neuroblastoma cells,neuron,CL:0000540,epithelial cell,CL:0000066,neuron,CL:0000540,cell,CL:0000000,9,0.4000,CL:0000763,myeloid cell,CL:0000066,epithelial cell,2,0.3333,CL:0000763,myeloid cell,9,0.4000,CL:0000763,myeloid cell,13,0.5000,CL:0000763,myeloid cell
89,89,89,GOSH,neuroblastoma tissue,"IGHG2,IGHGP,IGHG3,IGHG4,RP11-768B22.2,IGHG1,FA2H,OR4C6,AC233755.2,IGHV4-28,RP11-686F15.2,LINC01485,PRSS16,RP11-567J20.3,PANDAR,RP11-625L16.3,SAMD7,RP1-148H17.1,CFAP57,FCRL4",B cell,B cell,CL:0000236,B cell,B Cells,Plasma cells,lymphocytes,plasma cells,b cell,CL:0000236,plasma cell,CL:0000786,lymphocyte,CL:0000542,plasma cell,CL:0000786,2,0.7143,CL:0000236,B cell,CL:0000786,plasma cell,-1,0.6667,CL:0000236,B cell,0,1.0000,CL:0000236,B cell,-1,0.6667,CL:0000236,B cell
